name,owner,stars,createdAt,updatedAt,primaryLanguage,mergedPRs,releases,closedIssues,totalIssues
freeCodeCamp,freeCodeCamp,384626,2014-12-24T17:49:19Z,2024-03-06T19:37:22Z,TypeScript,21833,,17427,17694
free-programming-books,EbookFoundation,314622,2013-10-11T06:50:37Z,2024-03-06T19:48:25Z,,6440,,1038,1062
awesome,sindresorhus,292787,2014-07-11T13:42:37Z,2024-03-06T19:54:31Z,,641,,312,334
public-apis,public-apis,284460,2016-03-20T23:49:42Z,2024-03-06T19:49:30Z,Python,1871,,548,559
coding-interview-university,jwasham,279441,2016-06-06T02:34:12Z,2024-03-06T19:57:00Z,,397,,369,414
996.ICU,996icu,268670,2019-03-26T07:31:14Z,2024-03-06T15:19:35Z,,1066,,0,0
developer-roadmap,kamranahmedse,268100,2017-03-15T13:45:52Z,2024-03-06T19:50:04Z,TypeScript,1787,,1068,1803
build-your-own-x,codecrafters-io,248827,2018-05-09T12:03:18Z,2024-03-06T19:25:49Z,,133,,426,603
system-design-primer,donnemartin,248268,2017-02-26T16:15:28Z,2024-03-06T19:55:54Z,Python,196,,80,277
react,facebook,219703,2013-05-24T16:15:54Z,2024-03-06T19:35:42Z,JavaScript,9734,,11554,12727
vue,vuejs,206492,2013-07-29T03:24:51Z,2024-03-06T16:38:55Z,TypeScript,1133,,9657,10013
awesome-python,vinta,200064,2014-06-27T21:00:06Z,2024-03-06T19:54:41Z,Python,540,,0,0
tensorflow,tensorflow,181151,2015-11-07T01:19:20Z,2024-03-06T19:31:44Z,C++,16442,,36889,38785
javascript-algorithms,trekhleb,180655,2018-03-24T07:47:04Z,2024-03-06T19:27:49Z,JavaScript,282,,215,339
Python,TheAlgorithms,176299,2016-07-16T09:44:01Z,2024-03-06T19:37:29Z,Python,2724,,1411,1439
You-Dont-Know-JS,getify,175303,2013-11-16T02:37:24Z,2024-03-06T19:48:17Z,,365,,844,924
awesome-selfhosted,awesome-selfhosted,171549,2015-06-01T02:33:17Z,2024-03-06T19:55:48Z,,2395,,804,804
CS-Notes,CyC2018,171029,2018-02-13T14:56:24Z,2024-03-06T19:06:35Z,,375,,446,576
ohmyzsh,ohmyzsh,167321,2009-08-28T18:15:37Z,2024-03-06T19:37:30Z,Shell,3066,,4520,4645
linux,torvalds,167080,2011-09-04T22:48:12Z,2024-03-06T19:50:54Z,C,9,,0,0
bootstrap,twbs,167015,2011-07-29T21:19:00Z,2024-03-06T19:39:59Z,JavaScript,8647,,21905,22300
flutter,flutter,160492,2015-03-06T22:54:58Z,2024-03-06T19:47:32Z,Dart,36099,,80206,92453
computer-science,ossu,160010,2014-05-04T00:18:39Z,2024-03-06T19:26:40Z,,252,,612,627
project-based-learning,practical-tutorials,159131,2017-04-12T05:07:46Z,2024-03-06T19:44:37Z,,182,,64,116
AutoGPT,Significant-Gravitas,158642,2023-03-16T09:21:07Z,2024-03-06T19:48:09Z,JavaScript,1524,,2081,2165
vscode,microsoft,156777,2015-09-03T20:23:38Z,2024-03-06T19:37:18Z,TypeScript,23304,,165050,172496
gitignore,github,156252,2010-11-08T20:17:14Z,2024-03-06T19:48:43Z,,1523,,0,0
Python-100-Days,jackfrued,148047,2018-03-01T16:05:52Z,2024-03-06T16:27:41Z,Python,13,,106,629
the-art-of-command-line,jlevy,145899,2015-05-20T15:11:03Z,2024-03-06T17:43:44Z,,317,,131,239
JavaGuide,Snailclimb,141296,2018-05-07T13:27:00Z,2024-03-06T17:27:29Z,Java,966,,919,976
javascript,airbnb,140704,2012-11-01T23:13:50Z,2024-03-06T18:45:23Z,JavaScript,802,,1205,1295
youtube-dl,ytdl-org,127486,2010-10-31T14:35:07Z,2024-03-06T16:13:40Z,Python,1619,,22713,26469
the-book-of-secret-knowledge,trimstray,124949,2018-06-23T10:43:14Z,2024-03-06T19:54:44Z,,122,,0,0
stable-diffusion-webui,AUTOMATIC1111,124355,2022-08-22T14:05:26Z,2024-03-06T19:50:10Z,Python,1650,,5209,7121
fucking-algorithm,labuladong,122599,2020-02-19T09:01:23Z,2024-03-06T19:26:54Z,Markdown,232,,452,812
transformers,huggingface,121531,2018-10-29T13:56:00Z,2024-03-06T19:48:05Z,Python,11797,,13436,14210
next.js,vercel,118830,2016-10-05T23:32:51Z,2024-03-06T19:25:01Z,JavaScript,16120,,17109,19639
30-seconds-of-code,Chalarangelo,118406,2017-11-29T17:35:03Z,2024-03-06T19:56:17Z,JavaScript,816,,294,294
go,golang,118347,2014-08-19T04:33:40Z,2024-03-06T19:42:38Z,Go,1,,51915,60588
awesome-go,avelino,117826,2014-07-06T13:42:15Z,2024-03-06T19:54:45Z,Go,3113,,621,624
react-native,facebook,114950,2015-01-09T18:10:16Z,2024-03-06T19:39:21Z,C++,801,,24669,25483
electron,electron,110828,2013-04-12T01:47:36Z,2024-03-06T19:36:33Z,C++,18925,,18526,19382
free-programming-books-zh_CN,justjavac,108503,2013-11-04T01:59:19Z,2024-03-06T18:56:15Z,,282,,0,0
tech-interview-handbook,yangshun,107512,2016-07-05T05:00:48Z,2024-03-06T19:12:05Z,TypeScript,455,,60,88
d3,d3,107344,2010-09-27T17:22:42Z,2024-03-06T17:54:19Z,Shell,475,,2181,2187
kubernetes,kubernetes,105554,2014-06-06T22:56:04Z,2024-03-06T19:31:16Z,Go,57827,,42800,44735
axios,axios,103559,2014-08-18T22:30:27Z,2024-03-06T19:16:25Z,JavaScript,812,,3975,4484
PowerToys,microsoft,102829,2019-05-01T17:44:02Z,2024-03-06T19:50:33Z,C#,4510,,20963,26539
node,nodejs,102225,2014-11-26T19:57:11Z,2024-03-06T19:35:24Z,JavaScript,7630,,15777,17298
create-react-app,facebook,101654,2016-07-17T14:55:11Z,2024-03-06T19:44:39Z,JavaScript,1944,,6528,8237
awesome-chatgpt-prompts,f,100901,2022-12-05T13:54:13Z,2024-03-06T19:52:56Z,HTML,114,,0,0
scrcpy,Genymobile,99275,2017-11-21T18:00:27Z,2024-03-06T19:52:15Z,C,76,,2569,4246
three.js,mrdoob,97845,2010-03-23T18:58:01Z,2024-03-06T19:07:49Z,JavaScript,11988,,11818,12179
TypeScript,microsoft,97073,2014-06-17T15:28:39Z,2024-03-06T19:34:51Z,TypeScript,13707,,33968,39463
nodebestpractices,goldbergyoni,95657,2017-09-15T08:33:19Z,2024-03-06T19:12:56Z,Dockerfile,765,,283,316
angular,angular,94023,2014-09-18T16:12:01Z,2024-03-06T19:48:02Z,TypeScript,3517,,25540,26932
terminal,microsoft,92947,2017-08-11T18:38:22Z,2024-03-06T19:50:26Z,C++,3540,,10664,12134
deno,denoland,92481,2018-05-15T01:34:26Z,2024-03-06T15:29:21Z,Rust,10043,,7619,9434
material-ui,mui,90993,2014-08-18T19:11:54Z,2024-03-06T19:14:29Z,TypeScript,17608,,17124,18689
rust,rust-lang,90782,2010-06-16T20:39:03Z,2024-03-06T19:18:02Z,Rust,53188,,42682,51738
ant-design,ant-design,89619,2015-04-24T15:37:24Z,2024-03-06T16:07:50Z,TypeScript,13124,,27818,28786
clean-code-javascript,ryanmcdermott,88643,2016-11-25T22:25:41Z,2024-03-06T13:59:14Z,JavaScript,149,,83,151
puppeteer,puppeteer,86304,2017-05-09T22:16:13Z,2024-03-06T18:19:31Z,TypeScript,4266,,6265,6562
java-design-patterns,iluwatar,85941,2014-08-09T16:45:18Z,2024-03-06T18:11:42Z,Java,1226,,699,899
vue-element-admin,PanJiaChen,85667,2017-04-17T03:35:49Z,2024-03-06T19:56:59Z,Vue,312,,2346,3570
GitHub-Chinese-Top-Charts,GrowingGit,85340,2019-09-05T03:01:56Z,2024-03-06T19:04:53Z,Java,0,,154,307
HelloGitHub,521xueweihan,82839,2016-05-04T06:24:11Z,2024-03-06T19:54:48Z,Python,17,,2492,2586
storybook,storybookjs,82221,2016-03-18T04:23:44Z,2024-03-06T17:18:54Z,TypeScript,9555,,10417,12113
papers-we-love,papers-we-love,82207,2013-12-15T14:31:41Z,2024-03-06T19:55:53Z,Shell,425,,218,236
thefuck,nvbn,82127,2015-04-08T15:08:04Z,2024-03-06T19:37:39Z,Python,482,,467,710
free-for-dev,ripienaar,81919,2015-03-18T21:06:26Z,2024-03-06T19:36:43Z,HTML,2419,,0,0
godot,godotengine,81401,2014-01-04T16:05:36Z,2024-03-06T19:54:02Z,C++,31285,,38794,48480
Web-Dev-For-Beginners,microsoft,80560,2020-11-10T02:44:00Z,2024-03-06T19:27:47Z,JavaScript,478,,237,289
animate.css,animate-css,79503,2011-10-12T10:07:38Z,2024-03-06T17:17:48Z,CSS,315,,838,858
langchain,langchain-ai,78423,2022-10-17T02:58:36Z,2024-03-06T19:48:07Z,Python,8118,,4859,6214
frp,fatedier,77875,2015-12-21T15:24:59Z,2024-03-06T19:17:26Z,Go,569,,3119,3204
realworld,gothinkster,77836,2016-02-26T20:49:53Z,2024-03-06T17:43:47Z,TypeScript,427,,473,527
tailwindcss,tailwindlabs,76713,2017-10-06T14:59:14Z,2024-03-06T19:42:07Z,HTML,1971,,3122,3133
iptv,iptv-org,76647,2018-11-14T22:00:57Z,2024-03-06T19:04:00Z,JavaScript,6137,,7509,7522
models,tensorflow,76470,2016-02-05T01:15:20Z,2024-03-06T17:14:42Z,Python,2323,,6188,7233
laravel,laravel,76247,2011-06-08T03:06:08Z,2024-03-06T18:22:11Z,PHP,1558,,0,0
pytorch,pytorch,76229,2016-08-13T05:26:41Z,2024-03-06T18:59:51Z,Python,5641,,27541,40292
every-programmer-should-know,mtdvio,75951,2017-08-24T13:18:26Z,2024-03-06T19:11:39Z,,98,,18,42
django,django,75942,2012-04-28T02:47:18Z,2024-03-06T17:11:32Z,Python,8808,,0,0
svelte,sveltejs,75716,2016-11-20T18:13:05Z,2024-03-06T19:38:36Z,JavaScript,3527,,5092,6005
tauri,tauri-apps,75496,2019-07-13T09:09:37Z,2024-03-06T19:30:33Z,Rust,3758,,2898,3584
Awesome-Hacking,Hack-with-Github,75396,2016-03-30T15:47:10Z,2024-03-06T19:54:52Z,,29,,0,0
LeetCodeAnimation,MisterBooo,74774,2018-12-06T08:01:22Z,2024-03-06T14:56:52Z,Java,63,,42,59
neovim,neovim,74701,2014-01-31T13:39:22Z,2024-03-06T19:52:22Z,Vim Script,12134,,9497,10916
FiraCode,tonsky,74693,2014-11-11T19:32:38Z,2024-03-06T18:34:54Z,Clojure,132,,931,1307
gin,gin-gonic,74561,2014-06-16T23:57:25Z,2024-03-06T17:16:33Z,Go,970,,1582,2161
bitcoin,bitcoin,74529,2010-12-19T15:16:43Z,2024-03-06T18:21:36Z,C++,13781,,7458,7830
opencv,opencv,74460,2012-07-19T09:40:17Z,2024-03-06T18:59:34Z,C++,11852,,7932,10335
mall,macrozheng,74439,2018-04-04T01:11:44Z,2024-03-06T18:51:31Z,Java,1,,458,485
nvm,nvm-sh,74383,2010-04-15T17:47:47Z,2024-03-06T18:54:35Z,Shell,705,,1747,2093
app-ideas,florinpop17,73744,2019-02-25T18:36:56Z,2024-03-06T18:08:25Z,,149,,41,144
advanced-java,doocs,73609,2018-10-06T11:38:30Z,2024-03-06T16:33:37Z,Java,79,,141,144
Font-Awesome,FortAwesome,72834,2012-02-17T14:19:43Z,2024-03-06T17:29:36Z,JavaScript,202,,13790,19249
spring-boot,spring-projects,72007,2012-10-19T15:02:57Z,2024-03-06T19:40:54Z,Java,42,,32668,33258
hugo,gohugoio,71638,2013-07-04T15:26:26Z,2024-03-06T19:50:08Z,Go,2347,,6591,7044
json-server,typicode,70696,2013-11-27T13:21:13Z,2024-03-06T19:37:07Z,JavaScript,117,,532,1112
awesome-vue,vuejs,70613,2015-10-20T00:16:14Z,2024-03-06T18:12:30Z,,3463,,188,221
awesome-mac,jaywcjlove,69600,2016-07-17T15:33:47Z,2024-03-06T19:54:56Z,JavaScript,825,,297,397
excalidraw,excalidraw,69596,2020-01-02T01:04:43Z,2024-03-06T19:49:09Z,TypeScript,3278,,1818,3073
fastapi,tiangolo,68954,2018-12-08T08:21:47Z,2024-03-06T17:43:34Z,Python,1693,,3352,3393
bun,oven-sh,68643,2021-04-14T00:48:17Z,2024-03-06T19:51:42Z,Zig,2591,,3304,5583
core,home-assistant,67781,2013-09-17T07:29:48Z,2024-03-06T18:55:49Z,Python,55683,,44142,46675
moby,moby,67438,2013-01-18T18:10:57Z,2024-03-06T17:53:12Z,Go,19516,,19407,22389
netdata,netdata,67346,2013-06-17T18:39:10Z,2024-03-06T19:43:09Z,C,8028,,7506,7711
yt-dlp,yt-dlp,67307,2020-10-26T04:22:55Z,2024-03-06T19:53:15Z,Python,1897,,5367,6577
Front-End-Checklist,thedaviddias,67115,2017-10-16T10:12:36Z,2024-03-06T18:45:14Z,,173,,144,145
elasticsearch,elastic,66937,2010-02-08T13:20:56Z,2024-03-06T19:25:59Z,Java,61888,,30290,34441
node,base-org,66888,2023-02-01T13:55:02Z,2024-03-06T18:06:50Z,Shell,86,,97,101
reveal.js,hakimel,66599,2011-06-07T18:54:22Z,2024-03-06T18:56:35Z,JavaScript,396,,1640,2330
Microsoft-Activation-Scripts,massgravel,66381,2020-01-12T23:03:34Z,2024-03-06T19:40:10Z,Batchfile,3,,264,268
flask,pallets,65910,2010-04-06T11:11:59Z,2024-03-06T15:21:57Z,Python,1543,,2605,2608
mermaid,mermaid-js,65671,2014-11-01T23:52:32Z,2024-03-06T16:57:37Z,JavaScript,1965,,1888,2738
swift,apple,65509,2015-10-23T21:15:07Z,2024-03-06T19:15:31Z,C++,47053,,8350,14651
awesome-interview-questions,DopplerHQ,65274,2015-11-28T09:48:17Z,2024-03-06T19:55:02Z,,175,,31,57
ML-For-Beginners,microsoft,64737,2021-03-03T01:34:05Z,2024-03-06T18:18:27Z,HTML,354,,0,0
hello-algo,krahets,64589,2022-11-04T11:08:34Z,2024-03-06T19:24:17Z,Java,670,,117,131
code-server,coder,64523,2019-02-27T16:50:41Z,2024-03-06T19:11:53Z,TypeScript,1420,,3072,3386
stable-diffusion,CompVis,64120,2022-08-10T14:36:44Z,2024-03-06T19:39:29Z,Jupyter Notebook,5,,186,681
webpack,webpack,63996,2012-03-10T10:08:14Z,2024-03-06T16:24:59Z,JavaScript,4535,,9604,9756
supabase,supabase,63722,2019-10-12T05:56:49Z,2024-03-06T19:33:09Z,TypeScript,7919,,2982,3150
vite,vitejs,63684,2020-04-21T05:03:57Z,2024-03-06T19:42:31Z,TypeScript,4135,,6379,6758
github-readme-stats,anuraghazra,63634,2020-07-09T10:34:22Z,2024-03-06T19:46:06Z,JavaScript,1079,,1053,1152
cs-video-courses,Developer-Y,63580,2016-10-21T17:02:11Z,2024-03-06T18:15:38Z,,138,,130,130
redis,redis,63560,2009-03-21T22:32:25Z,2024-03-06T17:58:10Z,C,3678,,4385,6354
ChatGPT-Next-Web,ChatGPTNextWeb,63391,2023-03-10T18:27:54Z,2024-03-06T19:01:28Z,TypeScript,542,,2214,2365
express,expressjs,63359,2009-06-26T18:56:01Z,2024-03-06T19:38:16Z,JavaScript,275,,3667,3799
nest,nestjs,63272,2017-02-04T20:12:52Z,2024-03-06T19:33:40Z,TypeScript,6019,,5139,5186
Chart.js,chartjs,63090,2013-03-17T23:56:36Z,2024-03-06T18:20:44Z,JavaScript,2932,,6705,7047
protobuf,protocolbuffers,63083,2014-08-26T15:52:15Z,2024-03-06T19:21:52Z,C++,4921,,5440,5994
awesome-machine-learning,josephmisiti,62929,2014-07-15T19:11:19Z,2024-03-06T19:43:29Z,Python,819,,86,86
devops-exercises,bregman-arie,62422,2019-10-03T17:31:21Z,2024-03-06T19:36:45Z,Python,261,,56,78
awesome-for-beginners,MunGell,62205,2015-10-24T19:53:36Z,2024-03-06T19:55:04Z,,335,,119,146
funNLP,fighting41love,62192,2018-08-21T11:20:39Z,2024-03-06T18:24:33Z,Python,14,,47,69
gpt4all,nomic-ai,62094,2023-03-27T18:49:32Z,2024-03-06T18:47:57Z,C++,447,,1049,1399
33-js-concepts,leonardomso,61411,2018-09-04T13:27:04Z,2024-03-06T19:55:48Z,JavaScript,236,,64,81
interviews,kdn251,61342,2017-02-14T18:19:25Z,2024-03-06T19:34:13Z,Java,42,,22,52
resume.github.com,resume,61227,2011-02-06T13:39:55Z,2024-03-06T14:14:01Z,JavaScript,84,,59,113
awesome-react,enaqx,61169,2014-08-06T05:31:44Z,2024-03-06T19:55:06Z,,775,,99,103
the-algorithm,twitter,60909,2023-03-27T14:57:57Z,2024-03-06T19:36:29Z,Scala,2,,665,915
keras,keras-team,60578,2015-03-28T00:35:42Z,2024-03-06T18:59:50Z,Python,3227,,11439,11624
ansible,ansible,60530,2012-03-06T14:58:02Z,2024-03-06T18:05:06Z,Python,37715,,31537,32076
rustdesk,rustdesk,60469,2020-09-28T15:36:08Z,2024-03-06T18:16:53Z,Rust,2342,,2518,2564
redux,reduxjs,60318,2015-05-29T23:53:15Z,2024-03-06T19:51:58Z,TypeScript,1659,,1994,2033
atom,atom,59935,2012-01-20T18:18:21Z,2024-03-06T16:07:44Z,JavaScript,3937,,16152,17114
playwright,microsoft,59930,2019-11-15T18:32:42Z,2024-03-06T19:52:37Z,TypeScript,12041,,11946,12663
socket.io,socketio,59892,2010-03-11T18:24:48Z,2024-03-06T16:58:10Z,TypeScript,425,,3321,3420
grafana,grafana,59584,2013-12-11T15:59:56Z,2024-03-06T19:52:23Z,TypeScript,40078,,31064,34745
markdown-here,adam-p,59400,2012-05-13T03:27:22Z,2024-03-06T16:07:44Z,JavaScript,20,,308,610
HowToCook,Anduin2017,59275,2020-02-29T10:43:49Z,2024-03-06T15:06:02Z,Shell,483,,271,625
hoppscotch,hoppscotch,59178,2019-08-21T13:15:24Z,2024-03-06T19:50:19Z,TypeScript,1356,,1076,1364
strapi,strapi,59156,2015-09-30T15:34:48Z,2024-03-06T19:28:35Z,TypeScript,7651,,8346,8857
architect-awesome,xingshaocheng,59066,2018-04-06T13:30:58Z,2024-03-06T13:51:20Z,,49,,22,70
angular.js,angular,58968,2010-01-06T00:34:37Z,2024-03-06T06:53:40Z,JavaScript,789,,8648,9039
nocode,kelseyhightower,58938,2018-02-06T23:54:00Z,2024-03-06T15:14:12Z,Dockerfile,1,,649,4591
javascript-questions,lydiahallie,58938,2019-06-12T08:26:27Z,2024-03-06T17:59:51Z,,324,,225,230
v2rayN,2dust,58814,2019-07-30T03:47:24Z,2024-03-06T18:46:25Z,C#,125,,4034,4055
jquery,jquery,58748,2009-04-03T15:20:14Z,2024-03-06T19:38:49Z,JavaScript,690,,2229,2301
cpython,python,58684,2017-02-10T19:23:51Z,2024-03-06T19:55:53Z,Python,40544,,59740,66657
Front-end-Developer-Interview-Questions,h5bp,58665,2012-02-09T23:34:10Z,2024-03-06T18:09:28Z,Nunjucks,471,,138,174
lodash,lodash,58580,2012-04-07T04:11:46Z,2024-03-06T16:53:23Z,JavaScript,577,,4180,4222
syncthing,syncthing,58485,2013-11-26T09:48:21Z,2024-03-06T19:42:19Z,Go,2485,,5021,5351
echarts,apache,58448,2013-04-03T03:18:59Z,2024-03-06T19:55:55Z,TypeScript,1268,,15627,17825
sway,FuelLabs,58363,2021-01-19T20:54:33Z,2024-03-06T19:55:50Z,Rust,2690,,1980,2618
fzf,junegunn,58306,2013-10-23T16:04:23Z,2024-03-06T18:28:14Z,Go,441,,2282,2578
shadowsocks-windows,shadowsocks,57818,2013-01-14T07:54:16Z,2024-03-06T14:33:59Z,C#,278,,2733,2893
scikit-learn,scikit-learn,57577,2010-08-17T09:43:38Z,2024-03-06T19:37:59Z,Python,11767,,9090,10728
awesome-public-datasets,awesomedata,57934,2014-11-20T06:20:50Z,2024-03-06T18:57:50Z,,188,,47,113
superset,apache,57318,2015-07-21T18:55:34Z,2024-03-06T18:17:00Z,TypeScript,12050,,9365,10011
whisper,openai,57123,2022-09-16T20:02:54Z,2024-03-06T19:42:14Z,Python,95,,0,0
tesseract,tesseract-ocr,56923,2014-08-12T18:04:59Z,2024-03-06T19:06:18Z,C++,1339,,2189,2583
Ventoy,ventoy,56807,2020-03-10T15:19:19Z,2024-03-06T19:22:03Z,C,261,,1463,2081
manim,3b1b,56668,2015-03-22T18:50:58Z,2024-03-06T19:02:19Z,Python,564,,718,1107
Apollo-11,chrislgarry,56175,2014-04-03T15:45:02Z,2024-03-06T07:04:31Z,Assembly,324,,316,377
Java,TheAlgorithms,56095,2016-07-16T10:21:02Z,2024-03-06T18:11:25Z,Java,1186,,968,977
html5-boilerplate,h5bp,55817,2010-01-24T18:03:24Z,2024-03-06T16:07:42Z,JavaScript,744,,1324,1331
PayloadsAllTheThings,swisskyrepo,55784,2016-10-18T07:29:07Z,2024-03-06T19:55:53Z,Python,508,,0,0
Best-websites-a-programmer-should-visit,sdmg15,55687,2017-03-05T20:25:17Z,2024-03-06T11:28:50Z,,399,,85,140
design-resources-for-developers,bradtraversy,55435,2020-05-06T14:40:35Z,2024-03-06T19:30:04Z,,884,,91,91
system-design-101,ByteByteGoHq,55422,2023-09-18T20:52:03Z,2024-03-06T17:32:50Z,,21,,11,40
awesome-nodejs,sindresorhus,55150,2014-07-11T13:35:34Z,2024-03-06T19:55:08Z,,405,,100,101
gatsby,gatsbyjs,54969,2015-05-21T22:43:05Z,2024-03-06T15:16:45Z,JavaScript,18066,,13859,14022
spring-framework,spring-projects,54655,2010-12-08T04:04:45Z,2024-03-06T16:48:57Z,Java,823,,24624,24900
rails,rails,54611,2008-04-11T02:19:47Z,2024-03-06T16:43:47Z,Ruby,22959,,16628,17118
d2l-zh,d2l-ai,54607,2017-08-23T04:40:24Z,2024-03-06T18:55:55Z,Python,1020,,0,0
obs-studio,obsproject,54487,2013-10-01T02:40:31Z,2024-03-06T18:07:52Z,C,4423,,3196,3646
imgui,ocornut,54482,2014-07-21T14:29:47Z,2024-03-06T19:37:24Z,C++,336,,4652,5475
openai-cookbook,openai,54469,2022-03-11T02:08:53Z,2024-03-06T19:21:41Z,MDX,459,,297,322
awesome-cpp,fffaraz,54293,2014-07-17T08:51:11Z,2024-03-06T19:55:16Z,,669,,229,571
gpt4free,xtekky,54176,2023-03-29T17:00:43Z,2024-03-06T19:28:38Z,Python,449,,893,974
tabby,Eugeny,54142,2016-12-23T09:06:10Z,2024-03-06T19:12:52Z,TypeScript,1443,,3035,4767
element,ElemeFE,53891,2016-09-03T06:19:26Z,2024-03-06T13:36:14Z,Vue,3229,,15223,17652
leetcode,azl397985856,53401,2018-03-30T09:13:51Z,2024-03-06T17:30:46Z,JavaScript,256,,243,252
awesome-courses,prakhar1989,52878,2014-11-15T18:36:49Z,2024-03-06T19:55:18Z,,194,,39,75
DeepLearning-500-questions,scutan90,52736,2018-06-27T06:36:45Z,2024-03-06T16:45:01Z,JavaScript,302,,80,185
caddy,caddyserver,52678,2015-01-13T19:45:03Z,2024-03-06T17:57:34Z,Go,1805,,3635,3742
SecLists,danielmiessler,52598,2012-02-19T01:30:18Z,2024-03-06T19:30:29Z,PHP,559,,221,241
gpt_academic,binary-husky,52497,2023-03-20T09:05:13Z,2024-03-06T18:38:21Z,Python,141,,1123,1320
llama.cpp,ggerganov,52363,2023-03-10T18:58:00Z,2024-03-06T16:21:51Z,C++,1946,,1330,2379
awesome-scalability,binhnguyennus,52224,2017-12-27T03:46:40Z,2024-03-06T19:55:21Z,,32,,0,0
prometheus,prometheus,52052,2012-11-24T11:14:12Z,2024-03-06T19:36:07Z,Go,5858,,4684,5458
docusaurus,facebook,51830,2017-06-20T16:13:53Z,2024-03-06T19:46:13Z,TypeScript,4960,,2660,2922
alacritty,alacritty,51776,2016-02-18T05:02:30Z,2024-03-06T19:42:51Z,Rust,1739,,5194,5498
react-router,remix-run,51700,2014-05-16T22:22:51Z,2024-03-06T17:23:04Z,TypeScript,2060,,7255,7303
normalize.css,necolas,51630,2011-05-04T10:20:25Z,2024-03-06T19:04:24Z,CSS,56,,461,506
localstack,localstack,51530,2016-10-25T23:48:03Z,2024-03-06T19:29:59Z,Python,4563,,4919,5220
face_recognition,ageitgey,51268,2017-03-03T21:52:39Z,2024-03-06T19:43:40Z,Python,94,,584,1314
requests,psf,51118,2011-02-13T18:38:17Z,2024-03-06T17:29:40Z,Python,1532,,3680,3881
Semantic-UI,Semantic-Org,50943,2013-04-08T23:32:04Z,2024-03-06T14:43:17Z,JavaScript,356,,5256,6222
ui,shadcn-ui,50929,2023-01-04T12:43:27Z,2024-03-06T19:57:23Z,TypeScript,293,,1028,1567
nuxt,nuxt,50908,2016-10-26T11:18:47Z,2024-03-06T19:43:59Z,TypeScript,4412,,13138,14075
llama,facebookresearch,50655,2023-02-14T09:29:12Z,2024-03-06T19:26:08Z,Python,47,,580,871
awesome-flutter,Solido,50548,2017-05-07T11:45:27Z,2024-03-06T19:55:25Z,Dart,420,,0,0
scrapy,scrapy,50337,2010-02-22T02:01:14Z,2024-03-06T15:56:43Z,Python,2094,,2501,2931
ionic-framework,ionic-team,50239,2013-08-20T23:06:02Z,2024-03-06T19:23:49Z,TypeScript,5465,,21135,21494
Real-Time-Voice-Cloning,CorentinJ,50200,2019-05-26T08:56:15Z,2024-03-06T17:03:32Z,Python,48,,887,1062
nerd-fonts,ryanoasis,50162,2014-12-05T04:31:17Z,2024-03-06T19:06:09Z,CSS,419,,858,903
sherlock,sherlock-project,49988,2018-12-24T14:30:48Z,2024-03-06T19:47:59Z,Python,532,,809,881
new-pac,Alvin9999,49954,2016-03-23T08:43:36Z,2024-03-06T19:15:00Z,,0,,1153,1537
material-design-icons,google,49529,2014-10-08T18:01:28Z,2024-03-06T16:48:35Z,,44,,1080,1369
gpt-engineer,gpt-engineer-org,49427,2023-04-29T12:52:15Z,2024-03-06T19:48:09Z,Python,277,,400,426
guava,google,49185,2014-05-29T16:23:17Z,2024-03-06T17:22:42Z,Java,489,,2900,3537
fuel-core,FuelLabs,49178,2020-08-27T21:12:14Z,2024-03-06T19:55:03Z,Rust,867,,509,659
git,git,49037,2008-07-23T14:21:26Z,2024-03-06T19:36:11Z,C,3,,0,0
you-get,soimort,49026,2012-08-20T15:53:36Z,2024-03-06T16:48:07Z,Python,572,,0,0
awesome-chatgpt-prompts-zh,PlexPt,48932,2022-12-12T01:55:03Z,2024-03-06T19:15:26Z,,30,,54,92
faceswap,deepfakes,48701,2017-12-19T09:44:13Z,2024-03-06T16:33:19Z,Python,354,,829,845
awesome-android-ui,wasabeef,48691,2014-12-24T01:45:03Z,2024-03-06T19:55:30Z,,90,,92,105
act,nektos,48655,2019-01-02T19:53:43Z,2024-03-06T19:48:00Z,Go,866,,868,1053
anime,juliangarnier,48381,2016-03-13T21:37:45Z,2024-03-06T17:59:37Z,JavaScript,72,,506,706
privateGPT,imartinez,48195,2023-05-02T09:15:31Z,2024-03-06T19:48:09Z,Python,139,,833,949
jekyll,jekyll,48008,2008-10-20T06:29:03Z,2024-03-06T19:32:53Z,Ruby,3123,,4682,4787
bulma,jgthms,47988,2016-01-23T23:48:34Z,2024-03-06T16:07:52Z,CSS,611,,2291,2508
prettier,prettier,47881,2016-11-29T17:13:37Z,2024-03-06T12:39:11Z,JavaScript,7903,,5376,6465
moment,moment,47748,2011-03-01T02:46:06Z,2024-03-06T17:52:42Z,JavaScript,714,,3893,4096
tldr,tldr-pages,47722,2013-12-08T07:34:43Z,2024-03-06T18:20:29Z,Markdown,9974,,1090,1236
rustlings,rust-lang,47604,2015-09-15T02:25:18Z,2024-03-06T19:29:09Z,Rust,793,,433,565
RxJava,ReactiveX,47558,2013-01-08T20:11:48Z,2024-03-06T19:29:15Z,Java,3180,,3136,3148
kotlin,JetBrains,47122,2012-02-13T17:29:58Z,2024-03-06T16:27:33Z,Kotlin,2054,,0,0
hacker-scripts,NARKOZ,47115,2015-11-21T19:05:09Z,2024-03-06T16:37:39Z,JavaScript,63,,39,80
traefik,traefik,47077,2015-09-13T19:04:02Z,2024-03-06T16:25:15Z,Go,3995,,5074,5710
uptime-kuma,louislam,46955,2021-07-03T01:02:42Z,2024-03-06T19:55:45Z,JavaScript,1030,,2536,3116
AppFlowy,AppFlowy-IO,46934,2021-06-16T12:56:48Z,2024-03-06T19:17:17Z,Dart,2211,,1518,2157
openpilot,commaai,46825,2016-11-24T01:33:30Z,2024-03-06T19:03:38Z,Python,9089,,2353,2561
DefinitelyTyped,DefinitelyTyped,46712,2012-10-05T16:39:45Z,2024-03-06T15:17:43Z,TypeScript,48939,,7463,7998
rich,Textualize,46600,2019-11-10T15:28:09Z,2024-03-06T17:28:10Z,Python,738,,1066,1238
ghidra,NationalSecurityAgency,46569,2019-03-01T03:27:48Z,2024-03-06T18:56:30Z,Java,407,,3130,4459
pi-hole,pi-hole,46293,2014-06-08T15:02:55Z,2024-03-06T19:49:35Z,Shell,1792,,2765,2803
chinese-poetry,chinese-poetry,46230,2016-09-02T03:32:25Z,2024-03-06T15:37:22Z,JavaScript,134,,87,191
ChatGPT,lencx,46054,2022-12-07T09:43:02Z,2024-03-06T18:06:47Z,Rust,119,,325,898
serverless,serverless,45916,2015-04-21T03:48:40Z,2024-03-06T14:52:53Z,JavaScript,4506,,5049,6130
algorithm-visualizer,algorithm-visualizer,45897,2016-05-15T00:27:45Z,2024-03-06T19:14:35Z,JavaScript,183,,74,111
cypress,cypress-io,45896,2015-03-04T00:46:28Z,2024-03-06T17:35:45Z,JavaScript,5891,,12479,13848
etcd,etcd-io,45883,2013-07-06T21:57:21Z,2024-03-06T14:07:29Z,Go,8317,,6273,6475
leetcode-master,youngyangyang04,45814,2019-12-14T12:05:42Z,2024-03-06T18:54:38Z,Shell,1990,,60,204
drawio-desktop,jgraph,45773,2017-05-25T20:58:42Z,2024-03-06T16:43:44Z,JavaScript,19,,1156,1329
big-list-of-naughty-strings,minimaxir,45752,2015-08-08T20:57:20Z,2024-03-06T15:06:57Z,Python,90,,32,95
bypass-paywalls-chrome,iamadamdev,45709,2018-04-07T20:33:19Z,2024-03-06T19:14:52Z,JavaScript,132,,998,998
pdf.js,mozilla,45585,2011-04-26T06:32:03Z,2024-03-06T17:15:15Z,JavaScript,6991,,9130,9478
bat,sharkdp,45584,2018-04-21T10:52:23Z,2024-03-06T17:19:29Z,Rust,1270,,1088,1315
mastodon,mastodon,45563,2016-02-22T15:01:25Z,2024-03-06T19:23:29Z,Ruby,13918,,7020,10686
yolov5,ultralytics,45553,2020-05-18T03:45:11Z,2024-03-06T18:46:00Z,Python,2068,,8786,8913
dayjs,iamkun,45404,2018-04-10T09:26:44Z,2024-03-06T19:13:08Z,JavaScript,682,,810,1559
awesome-ios,vsouza,45325,2014-07-10T16:03:45Z,2024-03-06T19:55:31Z,Swift,2212,,472,474
Ghost,TryGhost,45310,2013-05-04T11:09:13Z,2024-03-06T15:57:52Z,JavaScript,10323,,6780,6819
go-ethereum,ethereum,45229,2013-12-26T13:05:46Z,2024-03-06T17:26:34Z,Go,6971,,7546,7804
okhttp,square,45097,2012-07-23T13:42:55Z,2024-03-06T19:21:23Z,Kotlin,3327,,3874,3978
ollama,ollama,44982,2023-06-26T19:39:32Z,2024-03-06T19:56:32Z,Go,784,,1165,1823
project-layout,golang-standards,44976,2017-09-09T16:33:26Z,2024-03-06T17:58:16Z,Makefile,79,,41,106
learn-regex,ziishaned,44927,2017-07-22T12:21:03Z,2024-03-05T22:09:40Z,,124,,35,85
github-cheat-sheet,tiimgreen,44907,2014-04-12T16:38:42Z,2024-03-06T19:55:32Z,,129,,45,64
mkcert,FiloSottile,44903,2018-06-25T05:33:03Z,2024-03-06T19:46:04Z,Go,52,,236,331
DeepFaceLab,iperov,44772,2018-06-04T13:10:00Z,2024-03-06T15:25:24Z,Python,32,,801,1342
v2ray-core,v2ray,44490,2015-09-04T11:42:53Z,2024-03-06T10:54:11Z,Go,203,,2549,2561
annotated_deep_learning_paper_implementations,labmlai,44390,2020-08-25T02:29:34Z,2024-03-06T19:01:32Z,Jupyter Notebook,92,,85,116
julia,JuliaLang,44156,2011-04-21T07:01:50Z,2024-03-06T17:07:19Z,Julia,22965,,20574,24437
professional-programming,charlax,44126,2015-11-07T05:07:52Z,2024-03-06T19:50:05Z,Python,34,,23,23
meteor,meteor,43984,2012-01-19T01:58:17Z,2024-03-06T16:07:44Z,JavaScript,2075,,8759,8990
gogs,gogs,43885,2014-02-12T01:57:08Z,2024-03-06T19:38:07Z,Go,1650,,4187,5060
Projects,karan,43830,2013-07-04T13:37:27Z,2024-03-06T15:55:04Z,,19,,33,71
marktext,marktext,43829,2017-11-12T16:05:25Z,2024-03-06T17:02:00Z,JavaScript,937,,1614,2687
ripgrep,BurntSushi,43778,2016-03-11T02:02:33Z,2024-03-06T17:14:49Z,Rust,491,,1467,1547
trackerslist,ngosang,43730,2016-04-24T11:57:57Z,2024-03-06T19:37:07Z,,1,,415,420
react,typescript-cheatsheets,43693,2018-06-02T04:08:16Z,2024-03-06T19:24:52Z,JavaScript,351,,199,201
architecture-samples,android,43679,2016-02-05T13:42:07Z,2024-03-06T17:28:01Z,Kotlin,222,,341,475
core,vuejs,43659,2018-06-12T13:49:36Z,2024-03-06T17:58:39Z,TypeScript,2371,,4034,4725
lazygit,jesseduffield,43495,2018-05-19T00:53:06Z,2024-03-06T19:43:39Z,Go,1211,,1105,1657
AdminLTE,ColorlibHQ,43464,2013-12-25T02:52:40Z,2024-03-06T17:57:05Z,Astro,1469,,2712,2815
awesome-wechat-weapp,justjavac,43390,2016-09-22T20:04:48Z,2024-03-06T18:13:50Z,,276,,0,0
jest,jestjs,43375,2013-12-10T00:18:04Z,2024-03-06T17:28:27Z,TypeScript,5429,,7375,7700
minio,minio,43360,2015-01-14T19:23:58Z,2024-03-06T19:01:54Z,Go,9071,,7042,7071
TensorFlow-Examples,aymericdamien,43153,2015-11-11T14:21:19Z,2024-03-06T19:31:45Z,Jupyter Notebook,88,,69,231
design-patterns-for-humans,kamranahmedse,43054,2017-02-16T21:24:39Z,2024-03-06T18:51:59Z,,49,,47,50
parcel,parcel-bundler,43023,2017-08-07T16:36:47Z,2024-03-06T19:19:51Z,JavaScript,2350,,4600,5252
rclone,rclone,42964,2014-03-16T16:19:57Z,2024-03-06T17:42:06Z,Go,1739,,4359,5219
PowerShell,PowerShell,42951,2016-01-13T23:41:35Z,2024-03-06T19:46:41Z,C#,6732,,11150,11959
Magisk,topjohnwu,42947,2016-09-08T12:42:53Z,2024-03-06T19:42:35Z,C++,1381,,5459,5482
x64dbg,x64dbg,42830,2015-04-11T20:48:23Z,2024-03-06T17:55:00Z,C++,671,,1836,2410
dive,wagoodman,42828,2018-05-13T15:44:01Z,2024-03-06T17:40:06Z,Go,141,,164,312
babel,babel,42810,2014-09-28T13:38:23Z,2024-03-06T16:07:48Z,TypeScript,5601,,8088,8711
segment-anything,facebookresearch,42787,2023-03-23T17:03:03Z,2024-03-06T19:40:10Z,Jupyter Notebook,16,,151,598
build-web-application-with-golang,astaxie,42766,2012-08-02T11:49:35Z,2024-03-06T12:13:52Z,Go,757,,182,298
100-Days-Of-ML-Code,Avik-Jain,42751,2018-07-05T09:11:43Z,2024-03-06T16:09:24Z,,6,,0,0
retrofit,square,42500,2010-09-06T21:39:43Z,2024-03-06T18:07:40Z,Java,928,,2554,2678
hyper,vercel,42426,2016-07-01T06:01:21Z,2024-03-06T17:46:18Z,TypeScript,3246,,2852,3728
Motrix,agalwood,42383,2018-12-18T11:45:05Z,2024-03-06T19:35:33Z,JavaScript,192,,568,1254
uBlock,gorhill,42326,2015-04-01T17:51:11Z,2024-03-06T19:14:54Z,JavaScript,231,,3436,3448
screenshot-to-code,abi,42223,2023-11-14T17:53:32Z,2024-03-06T19:54:48Z,TypeScript,30,,105,177
hackingtool,Z4nzu,42204,2020-04-11T09:21:31Z,2024-03-06T15:24:40Z,Python,55,,285,319
meilisearch,meilisearch,42166,2018-04-23T11:45:28Z,2024-03-06T18:47:41Z,Rust,1571,,1635,1759
pixijs,pixijs,42050,2013-01-21T22:40:50Z,2024-03-06T19:17:52Z,TypeScript,3219,,5168,5404
Prompt-Engineering-Guide,dair-ai,42018,2022-12-16T16:04:50Z,2024-03-06T19:48:08Z,MDX,249,,55,108
cs-self-learning,PKUFlyingPig,42014,2021-10-20T13:43:42Z,2024-03-06T19:56:37Z,HTML,222,,79,158
powerlevel10k,romkatv,41932,2019-02-24T19:09:45Z,2024-03-06T19:43:07Z,Shell,152,,2325,2357
first-contributions,firstcontributions,41653,2016-09-20T14:35:09Z,2024-03-06T19:16:52Z,,68623,,701,714
awesome-rust,rust-unofficial,41592,2014-07-17T10:45:10Z,2024-03-06T19:55:34Z,Rust,1300,,123,133
joplin,laurent22,41548,2017-01-16T21:49:41Z,2024-03-06T19:56:42Z,TypeScript,2909,,5773,6146
git-flight-rules,k88hudson,41528,2014-07-22T20:35:09Z,2024-03-06T19:05:07Z,,221,,55,73
open-interpreter,KillianLucas,41446,2023-07-14T07:10:44Z,2024-03-06T18:40:30Z,Python,198,,528,729
pandas,pandas-dev,41425,2010-08-24T01:37:33Z,2024-03-06T18:59:14Z,Python,24839,,22526,26096
FFmpeg,FFmpeg,41336,2011-04-14T14:12:38Z,2024-03-06T17:54:27Z,C,16,,0,0
yarn,yarnpkg,41312,2016-01-19T17:39:16Z,2024-03-06T17:24:42Z,JavaScript,1653,,4690,6542
CppCoreGuidelines,isocpp,41181,2015-08-19T20:22:52Z,2024-03-06T19:22:40Z,Python,798,,901,1140
nocodb,nocodb,41140,2017-10-29T18:51:48Z,2024-03-06T19:01:17Z,TypeScript,2810,,2460,2945
hiring-without-whiteboards,poteto,41095,2017-03-15T05:09:01Z,2024-03-06T18:57:52Z,JavaScript,1249,,0,0
gitea,go-gitea,41092,2016-11-01T02:13:26Z,2024-03-06T19:55:34Z,Go,14781,,10241,12611
PythonDataScienceHandbook,jakevdp,41042,2016-08-10T14:24:36Z,2024-03-06T19:38:15Z,Jupyter Notebook,28,,76,189
zustand,pmndrs,40931,2019-04-09T09:10:06Z,2024-03-06T19:36:17Z,TypeScript,595,,637,640
terraform,hashicorp,40759,2014-03-13T22:25:48Z,2024-03-06T19:32:11Z,Go,11331,,18822,20595
huginn,huginn,40713,2013-03-10T06:00:31Z,2024-03-06T19:08:58Z,Ruby,980,,1482,2096
vue2-elm,bailicangdu,40661,2016-12-23T01:49:20Z,2024-03-06T16:31:05Z,Vue,21,,511,623
frontend-dev-bookmarks,dypsilon,40500,2013-06-22T13:23:55Z,2024-03-06T19:55:35Z,,129,,82,102
30-Days-Of-JavaScript,Asabeneh,40493,2019-12-23T14:07:40Z,2024-03-06T18:24:40Z,JavaScript,98,,57,144
astro,withastro,40487,2021-03-15T17:19:47Z,2024-03-06T19:20:38Z,TypeScript,5358,,3830,3925
zx,google,40484,2021-05-05T05:50:01Z,2024-03-06T16:37:08Z,JavaScript,122,,320,381
Alamofire,Alamofire,40389,2014-07-31T05:56:19Z,2024-03-06T15:56:06Z,Swift,626,,2697,2731
pm2,Unitech,40376,2013-05-21T03:25:25Z,2024-03-06T14:44:06Z,JavaScript,543,,4033,4887
grpc,grpc,40352,2014-12-08T18:58:53Z,2024-03-06T19:43:57Z,C++,19177,,10572,11170
weekly,ruanyf,40311,2018-10-13T12:36:07Z,2024-03-06T18:56:29Z,,81,,734,3926
nw.js,nwjs,40052,2012-01-04T06:21:10Z,2024-03-06T17:17:17Z,JavaScript,573,,6374,7282
discourse,discourse,39982,2013-01-12T00:25:55Z,2024-03-06T15:18:37Z,Ruby,22572,,0,0
styled-components,styled-components,39958,2016-08-16T06:41:32Z,2024-03-06T19:30:22Z,TypeScript,937,,2620,2846
react-use,streamich,39869,2018-10-27T10:16:05Z,2024-03-06T14:01:37Z,TypeScript,1498,,239,562
dubbo,apache,39846,2012-06-19T07:56:02Z,2024-03-06T17:17:54Z,Java,4970,,5857,6751
awesome-react-components,brillout,39702,2016-06-24T15:19:33Z,2024-03-06T19:55:36Z,,316,,44,49
appwrite,appwrite,39682,2019-04-08T16:36:25Z,2024-03-06T18:42:17Z,TypeScript,2597,,2723,3303
starship,starship,39666,2019-04-02T03:23:12Z,2024-03-06T17:44:29Z,Rust,2538,,1555,2078
front-end-interview-handbook,yangshun,39626,2018-01-13T19:40:08Z,2024-03-06T19:50:41Z,MDX,246,,87,97
Leaflet,Leaflet,39619,2010-09-22T16:57:44Z,2024-03-06T18:03:21Z,JavaScript,2939,,4733,5123
edex-ui,GitSquared,39615,2017-01-28T09:35:02Z,2024-03-06T17:46:31Z,JavaScript,399,,553,559
awesome-java,akullpp,39435,2014-07-09T10:12:43Z,2024-03-06T19:55:37Z,,677,,126,127
json,nlohmann,39379,2013-07-04T08:47:49Z,2024-03-06T19:29:03Z,C++,702,,2114,2187
type-challenges,type-challenges,39275,2020-07-23T14:33:11Z,2024-03-06T18:53:30Z,TypeScript,531,,3352,31741
n8n,n8n-io,39233,2019-06-22T09:24:21Z,2024-03-06T19:56:41Z,TypeScript,5682,,1309,1477
uni-app,dcloudio,39171,2018-07-12T08:52:39Z,2024-03-06T19:33:26Z,JavaScript,234,,3402,4278
python-patterns,faif,39127,2012-06-06T21:02:35Z,2024-03-06T08:46:54Z,Python,262,,74,85
react-hook-form,react-hook-form,39033,2019-03-05T23:47:10Z,2024-03-06T19:24:33Z,TypeScript,1897,,4237,4239
open-source-mac-os-apps,serhii-londar,38889,2017-11-03T02:35:33Z,2024-03-06T19:55:43Z,,522,,148,194
query,TanStack,38862,2019-09-10T19:23:58Z,2024-03-06T19:52:16Z,TypeScript,1927,,1626,1665
materialize,Dogfalo,38857,2014-09-12T19:35:38Z,2024-03-06T16:30:17Z,JavaScript,449,,4597,5220
vuetify,vuetifyjs,38805,2016-09-12T00:39:35Z,2024-03-06T14:16:13Z,TypeScript,3737,,12758,13451
brew,Homebrew,38767,2016-03-06T05:08:38Z,2024-03-06T19:07:51Z,Ruby,10311,,4241,4273
quill,quilljs,38515,2012-07-30T23:23:18Z,2024-03-06T15:51:33Z,TypeScript,339,,2343,3335
open-source-ios-apps,dkhamsing,38476,2015-01-26T23:32:34Z,2024-03-06T19:55:52Z,,1035,,273,273
fastlane,fastlane,38464,2014-12-02T17:00:38Z,2024-03-06T11:41:57Z,Ruby,6134,,12387,12819
Rocket.Chat,RocketChat,38416,2015-05-19T07:36:09Z,2024-03-06T16:20:07Z,TypeScript,11782,,13139,15710
fuels-rs,FuelLabs,38402,2021-10-31T22:33:54Z,2024-03-06T19:52:42Z,Rust,678,,468,521
what-happens-when,alex,38345,2013-11-07T04:30:06Z,2024-03-06T17:23:13Z,,108,,46,239
jadx,skylot,38345,2013-03-18T17:08:21Z,2024-03-06T19:31:45Z,Java,451,,1226,1585
ChatGLM-6B,THUDM,38231,2023-03-13T12:00:18Z,2024-03-06T15:52:04Z,Python,48,,743,1271
hexo,hexojs,38190,2012-09-23T15:17:08Z,2024-03-06T14:25:42Z,TypeScript,893,,3829,3903
swiper,nolimits4web,38162,2012-03-14T19:11:45Z,2024-03-06T18:09:57Z,JavaScript,561,,5257,5337
fuels-ts,FuelLabs,38154,2021-09-03T18:11:03Z,2024-03-06T19:53:10Z,TypeScript,991,,613,693
kubernetes-the-hard-way,kelseyhightower,38068,2016-07-07T14:15:27Z,2024-03-06T18:12:54Z,,69,,295,389
drawio,jgraph,37993,2016-09-06T12:59:15Z,2024-03-06T18:42:48Z,JavaScript,36,,3003,3423
spark,apache,37981,2014-02-25T08:00:08Z,2024-03-06T17:23:56Z,Scala,6,,0,0
monaco-editor,microsoft,37696,2016-06-07T16:56:31Z,2024-03-06T19:18:10Z,JavaScript,408,,3072,3476
ailearning,apachecn,37629,2017-02-25T08:53:02Z,2024-03-06T18:02:57Z,Python,477,,110,112
impress.js,impress,37466,2011-12-28T22:23:19Z,2024-03-06T19:09:01Z,JavaScript,120,,425,479
jeecg-boot,jeecgboot,37235,2018-11-26T10:40:00Z,2024-03-06T14:56:28Z,Java,41,,5039,5075
cheat.sh,chubin,37166,2017-05-07T21:40:56Z,2024-03-06T15:13:40Z,Python,122,,127,241
Deep-Learning-Papers-Reading-Roadmap,floodsung,37161,2016-10-14T11:49:48Z,2024-03-06T19:11:24Z,Python,28,,5,53
MPAndroidChart,PhilJay,37146,2014-04-25T14:29:47Z,2024-03-06T15:13:22Z,Java,190,,2878,4913
kong,Kong,37094,2014-11-17T23:56:08Z,2024-03-06T13:57:24Z,Lua,5401,,4234,4277
php-src,php,37034,2011-06-16T01:52:25Z,2024-03-06T16:07:43Z,C,2169,,1867,2380
black,psf,36989,2018-03-14T19:54:45Z,2024-03-06T18:28:23Z,Python,1404,,2181,2533
video.js,videojs,36935,2010-05-14T18:45:10Z,2024-03-06T09:28:26Z,JavaScript,1695,,4716,5193
esbuild,evanw,36888,2016-06-14T16:08:50Z,2024-03-06T18:24:27Z,Go,226,,2873,3247
PaddleOCR,PaddlePaddle,36877,2020-05-08T10:38:16Z,2024-03-06T19:00:12Z,Python,2285,,7519,8563
awesome-cheatsheets,LeCoupa,36813,2017-11-09T02:47:15Z,2024-03-06T18:24:39Z,JavaScript,163,,50,77
freecodecamp.cn,FreeCodeCampChina,36642,2016-09-30T03:13:43Z,2024-03-06T15:09:05Z,CSS,55,,445,584
tabler,tabler,36590,2018-02-01T09:08:59Z,2024-03-06T19:45:01Z,HTML,462,,805,866
bert,google-research,36581,2018-10-25T22:57:34Z,2024-03-06T14:57:25Z,Python,32,,352,1134
ColossalAI,hpcaitech,36567,2021-10-28T16:19:44Z,2024-03-06T16:35:40Z,Python,3131,,1176,1516
prisma,prisma,36538,2019-06-20T13:33:47Z,2024-03-06T19:53:56Z,TypeScript,5073,,6916,9795
wrk,wg,36442,2012-03-20T11:12:28Z,2024-03-06T14:40:21Z,C,0,,261,399
whisper.cpp,ggerganov,28592,2022-09-25T18:26:37Z,2024-03-06T18:45:07Z,C,434,,552,1026
jq,jqlang,28551,2012-07-18T19:57:25Z,2024-03-06T14:47:05Z,C,507,,1801,2154
AnotherRedisDesktopManager,qishibo,28526,2019-01-08T06:01:56Z,2024-03-06T13:07:23Z,JavaScript,136,,701,925
interactive-coding-challenges,donnemartin,28494,2015-04-28T21:36:39Z,2024-03-06T11:09:28Z,Python,176,,31,66
programmer-job-blacklist,shengxinjing,28458,2016-06-25T06:09:10Z,2024-03-06T15:16:42Z,Shell,28,,183,334
stanford_alpaca,tatsu-lab,28446,2023-03-10T23:33:09Z,2024-03-06T17:30:20Z,Python,6,,97,263
Sortable,SortableJS,28416,2013-12-19T10:10:13Z,2024-03-06T09:49:52Z,JavaScript,245,,1320,1752
todomvc,tastejs,28416,2011-06-03T19:56:33Z,2024-03-06T16:43:49Z,JavaScript,753,,656,774
lede,coolsnowwolf,28404,2017-09-06T07:39:03Z,2024-03-06T14:30:44Z,C,1879,,7557,8223
spaCy,explosion,28394,2014-07-03T15:15:40Z,2024-03-06T10:55:43Z,Python,3531,,5479,5561
swift-algorithm-club,kodecocodes,28364,2016-01-26T17:56:12Z,2024-03-06T18:08:29Z,Swift,608,,183,214
RSSHub,DIYgod,28303,2018-04-02T14:43:21Z,2024-03-06T18:35:30Z,TypeScript,7747,,4708,5001
portainer,portainer,28272,2016-05-19T20:15:28Z,2024-03-06T19:36:16Z,TypeScript,4254,,4962,5416
awesome-macos-command-line,herrbischoff,28238,2015-09-22T19:37:55Z,2024-03-06T19:56:15Z,,104,,0,0
slick,kenwheeler,28218,2014-03-24T02:10:05Z,2024-03-06T19:18:08Z,JavaScript,238,,2391,3592
detectron2,facebookresearch,28210,2019-09-05T21:30:20Z,2024-03-06T19:31:29Z,Python,0,,3043,3433
particles.js,VincentGarreau,28200,2014-09-06T14:29:47Z,2024-03-06T17:45:22Z,JavaScript,21,,105,403
jsoncrack.com,AykutSarac,28172,2022-01-30T15:25:18Z,2024-03-06T15:47:13Z,TypeScript,72,,175,215
composer,composer,28145,2011-06-08T08:53:00Z,2024-03-06T16:07:43Z,PHP,2765,,7443,7575
leetcode,doocs,28140,2018-09-16T14:03:03Z,2024-03-06T18:49:49Z,Java,2163,,37,37
jsPDF,parallax,28132,2009-12-06T14:56:32Z,2024-03-06T19:37:35Z,JavaScript,700,,2319,2450
postcss,postcss,28100,2013-09-24T23:06:48Z,2024-03-06T19:30:21Z,TypeScript,720,,941,960
hutool,dromara,28051,2014-04-13T07:23:51Z,2024-03-06T14:27:42Z,Java,394,,2596,2598
system-design,karanpratapsingh,28014,2022-08-15T18:59:54Z,2024-03-06T19:00:37Z,,11,,16,19
AI-Expert-Roadmap,AMAI-GmbH,28008,2020-10-24T21:49:40Z,2024-03-06T19:24:47Z,JavaScript,13,,46,63
expo,expo,27978,2016-08-15T17:14:25Z,2024-03-06T19:11:18Z,TypeScript,11883,,12711,13126
zed,zed-industries,27977,2021-02-20T03:01:06Z,2024-03-06T19:52:32Z,Rust,3909,,2640,4130
OpenAPI-Specification,OAI,27962,2014-03-03T16:53:36Z,2024-03-06T17:57:45Z,JavaScript,860,,1798,2151
linkedin-skill-assessments-quizzes,Ebazhanov,27944,2019-07-13T19:52:56Z,2024-03-06T18:31:56Z,,5574,,790,878
NewPipe,TeamNewPipe,27842,2015-09-03T23:39:26Z,2024-03-06T19:27:23Z,Java,1506,,7332,8485
ChatGPT,acheong08,27825,2022-12-03T14:35:24Z,2024-03-06T19:48:07Z,Python,294,,801,812
awesome-remote-job,lukasz-madon,27751,2015-01-02T00:31:34Z,2024-03-06T19:56:22Z,,549,,41,52
mattermost,mattermost,27716,2015-06-15T06:50:02Z,2024-03-06T17:48:28Z,TypeScript,15436,,7386,8021
lighthouse,GoogleChrome,27686,2016-03-08T01:03:11Z,2024-03-06T09:45:03Z,JavaScript,5093,,8327,8918
consul,hashicorp,27624,2013-11-04T22:15:27Z,2024-03-06T19:23:39Z,Go,12762,,4216,5346
cal.com,calcom,27598,2021-03-22T13:47:42Z,2024-03-06T19:29:53Z,TypeScript,6236,,5009,5661
sharp,lovell,27598,2013-08-19T20:24:24Z,2024-03-06T18:41:50Z,JavaScript,273,,3507,3614
druid,alibaba,27563,2011-11-03T05:12:51Z,2024-03-06T14:49:35Z,Java,1214,,2038,4185
cheerio,cheeriojs,27537,2011-10-09T04:23:20Z,2024-03-06T17:17:21Z,TypeScript,2064,,1118,1147
canal,alibaba,27478,2013-01-13T10:59:52Z,2024-03-06T11:24:48Z,Java,437,,3381,4364
TTS,coqui-ai,27475,2020-05-20T15:45:28Z,2024-03-06T19:37:56Z,Python,467,,938,988
linux-command,jaywcjlove,27441,2016-11-12T15:44:26Z,2024-03-06T12:47:34Z,Markdown,305,,115,174
generative-ai-for-beginners,microsoft,27430,2023-06-19T16:28:59Z,2024-03-06T19:47:06Z,Jupyter Notebook,184,,54,64
remote-jobs,remoteintech,27393,2015-10-13T03:49:25Z,2024-03-06T14:50:45Z,JavaScript,1201,,149,169
influxdb,influxdata,27393,2013-09-26T14:31:10Z,2024-03-06T17:48:40Z,Rust,9696,,11268,13117
etcher,balena-io,27364,2015-10-27T16:53:23Z,2024-03-06T17:25:59Z,TypeScript,1705,,1765,2130
python-guide,realpython,27350,2011-03-15T03:24:20Z,2024-03-06T12:07:50Z,Batchfile,681,,175,273
django-rest-framework,encode,27226,2011-03-02T17:13:56Z,2024-03-06T16:31:47Z,Python,2910,,3780,3857
faiss,facebookresearch,27224,2017-02-07T16:07:05Z,2024-03-06T18:44:48Z,C++,135,,1886,2298
underscore,jashkenas,27218,2009-10-25T18:31:06Z,2024-03-06T06:42:24Z,JavaScript,743,,1389,1419
go-zero,zeromicro,27186,2020-08-07T15:37:57Z,2024-03-06T17:52:21Z,Go,1855,,1126,1496
react-spring,pmndrs,27177,2018-03-07T15:39:32Z,2024-03-06T13:58:09Z,TypeScript,402,,1116,1208
pnpm,pnpm,27172,2016-01-28T07:40:43Z,2024-03-06T19:05:44Z,TypeScript,1989,,2508,3911
react-select,JedWatson,27117,2014-08-26T04:27:45Z,2024-03-06T17:46:06Z,TypeScript,1040,,3229,3537
fabric.js,fabricjs,27110,2010-06-09T22:24:38Z,2024-03-06T15:04:37Z,JavaScript,2101,,5549,5882
JCSprout,crossoverJie,27064,2017-12-17T09:06:50Z,2024-03-06T09:56:49Z,Java,69,,59,89
waifu2x,nagadomi,27060,2015-05-17T07:29:15Z,2024-03-06T19:44:26Z,Lua,68,,206,355
spring-cloud-alibaba,alibaba,27056,2017-12-01T20:49:15Z,2024-03-06T14:59:09Z,Java,950,,1930,2284
weui,Tencent,27038,2014-12-18T04:09:54Z,2024-03-06T16:00:28Z,Less,195,,614,663
legacy-homebrew,Homebrew,27031,2009-05-20T19:38:37Z,2024-03-05T15:36:19Z,,222,,17028,17028
rocksdb,facebook,27028,2012-11-30T06:16:18Z,2024-03-06T12:53:41Z,C++,601,,2486,3072
ShareX,ShareX,27003,2013-10-08T23:32:10Z,2024-03-06T14:53:23Z,C#,734,,5667,6172
GitHubDaily,GitHubDaily,26962,2018-12-30T13:56:58Z,2024-03-06T11:29:48Z,,3,,166,384
kafka,apache,26961,2011-08-15T18:06:16Z,2024-03-06T12:17:02Z,Java,7881,,0,0
yapi,YMFE,26941,2016-05-30T09:09:09Z,2024-03-06T13:22:34Z,JavaScript,141,,912,2420
remix,remix-run,26847,2020-10-26T19:57:28Z,2024-03-06T17:18:31Z,TypeScript,3007,,2013,2187
folly,facebook,26837,2012-06-01T20:49:04Z,2024-03-06T19:39:19Z,C++,5,,732,1090
tqdm,tqdm,27115,2015-06-03T13:13:14Z,2024-03-06T17:28:52Z,Python,279,,578,964
Faker,fzaninotto,26784,2011-10-14T22:49:02Z,2024-03-06T15:04:07Z,PHP,823,,494,570
Awesome,Awesome-Windows,26710,2016-05-30T17:27:35Z,2024-03-06T19:56:34Z,,206,,82,140
typst,typst,26705,2019-09-24T21:41:56Z,2024-03-06T19:38:22Z,Rust,853,,1255,1820
immer,immerjs,26705,2017-12-29T12:25:47Z,2024-03-06T17:51:09Z,JavaScript,350,,604,638
ResumeSample,geekcompany,26700,2014-09-08T08:08:13Z,2024-03-06T17:22:25Z,,2,,0,0
hangzhou_house_knowledge,houshanren,26682,2018-02-24T01:54:18Z,2024-03-06T13:43:44Z,CSS,6,,48,146
JavaScript30,wesbos,26503,2016-12-07T19:15:31Z,2024-03-06T19:27:32Z,HTML,151,,0,0
Clone-Wars,GorvGoyl,26485,2020-12-02T11:10:16Z,2024-03-06T18:39:04Z,,126,,67,76
gitflow,nvie,26467,2010-01-20T23:14:12Z,2024-03-06T06:01:02Z,Shell,36,,126,361
rethinkdb,rethinkdb,26464,2012-10-30T05:37:47Z,2024-03-06T03:23:42Z,C++,460,,5041,6381
pytorch-lightning,Lightning-AI,26379,2019-03-31T00:45:57Z,2024-03-06T19:48:05Z,Python,8514,,6140,6772
rufus,pbatard,26371,2011-11-19T19:12:05Z,2024-03-06T17:26:01Z,C,1,,2198,2207
the-super-tiny-compiler,jamiebuilds,26357,2016-03-11T04:19:18Z,2024-03-06T14:31:21Z,JavaScript,20,,0,0
YesPlayMusic,qier222,26352,2020-10-09T10:04:21Z,2024-03-06T17:03:33Z,Vue,272,,1139,1650
docsify,docsifyjs,26270,2016-11-20T07:55:43Z,2024-03-06T16:30:10Z,JavaScript,634,,1051,1235
Probabilistic-Programming-and-Bayesian-Methods-for-Hackers,CamDavidsonPilon,26255,2013-01-14T15:46:28Z,2024-03-06T19:47:54Z,Jupyter Notebook,243,,90,244
data-science-ipython-notebooks,donnemartin,26227,2015-01-23T19:38:29Z,2024-03-06T19:38:21Z,Python,31,,22,39
xxl-job,xuxueli,26191,2015-11-28T12:59:34Z,2024-03-06T13:31:31Z,Java,98,,1764,2927
gitbook,GitbookIO,26161,2014-03-31T03:01:56Z,2024-03-06T17:17:42Z,JavaScript,214,,0,0
ToolJet,ToolJet,26070,2021-03-30T08:51:34Z,2024-03-06T14:58:53Z,JavaScript,4155,,3112,3684
miaosha,qiurunze123,26015,2018-09-14T04:36:24Z,2024-03-06T16:57:21Z,Java,20,,78,78
kit,go-kit,25990,2015-02-03T00:01:19Z,2024-03-06T09:38:56Z,Go,478,,524,560
croc,schollz,25971,2017-10-17T15:20:18Z,2024-03-06T18:51:55Z,Go,169,,329,427
commander.js,tj,25909,2011-08-14T21:33:58Z,2024-03-06T16:13:26Z,JavaScript,706,,1040,1050
xstate,statelyai,25887,2015-09-14T15:04:15Z,2024-03-06T13:39:28Z,TypeScript,1783,,1219,1275
milvus,milvus-io,25819,2019-09-16T06:43:43Z,2024-03-06T19:25:03Z,Go,16623,,9631,10175
fetch,JakeChampion,25803,2014-10-13T00:26:19Z,2024-03-06T08:04:32Z,JavaScript,196,,646,649
Data-Science-For-Beginners,microsoft,25801,2021-03-03T16:30:15Z,2024-03-06T19:38:26Z,Jupyter Notebook,293,,95,113
nprogress,rstacruz,25800,2013-08-20T13:58:02Z,2024-03-06T15:25:25Z,JavaScript,34,,52,154
dokku,dokku,25784,2013-06-08T10:26:57Z,2024-03-06T19:08:48Z,Shell,3343,,2611,2631
helm,helm,25783,2015-10-06T01:07:32Z,2024-03-06T17:44:57Z,Go,3558,,7236,7544
react-virtualized,bvaughn,25783,2015-11-03T00:48:07Z,2024-03-06T10:03:44Z,JavaScript,453,,740,1186
google-research,google-research,32371,2018-10-04T18:42:48Z,2024-03-06T19:31:06Z,Jupyter Notebook,29,,309,1153
tmux,tmux,32320,2015-06-03T23:32:55Z,2024-03-06T18:14:26Z,C,1,,3198,3256
interview,huihut,32318,2018-02-09T09:49:48Z,2024-03-06T17:46:23Z,C++,35,,40,62
material-design-lite,google,32274,2015-01-14T22:01:33Z,2024-03-06T01:55:07Z,HTML,655,,1812,2181
Fooocus,lllyasviel,32239,2023-08-09T18:43:40Z,2024-03-06T19:45:19Z,Python,337,,1063,1210
googletest,google,32228,2015-07-28T15:07:53Z,2024-03-06T19:27:54Z,C++,798,,1933,2186
FastChat,lm-sys,32153,2023-03-19T00:18:02Z,2024-03-06T18:39:52Z,Python,755,,961,1545
ShadowsocksX-NG,shadowsocks,32090,2016-06-10T11:49:00Z,2024-03-06T15:05:58Z,Swift,63,,1043,1344
ImHex,WerWolv,32084,2020-11-10T14:27:00Z,2024-03-06T15:33:40Z,C++,451,,771,963
jieba,fxsjy,32079,2012-09-29T07:52:01Z,2024-03-06T15:01:50Z,Python,96,,225,839
novu,novuhq,32076,2021-08-26T15:22:44Z,2024-03-06T18:35:14Z,TypeScript,3142,,1106,1381
zxing,zxing,32059,2011-10-12T14:07:27Z,2024-03-06T16:11:37Z,Java,285,,1244,1249
carbon-lang,carbon-language,32053,2020-04-27T21:45:16Z,2024-03-06T19:55:06Z,C++,2460,,462,569
react-beautiful-dnd,atlassian,32051,2017-08-09T03:37:15Z,2024-03-06T15:26:48Z,JavaScript,525,,1039,1581
ijkplayer,bilibili,32028,2013-06-03T04:12:04Z,2024-03-06T15:14:34Z,C,35,,2530,5308
pocketbase,pocketbase,32008,2022-07-05T06:06:21Z,2024-03-06T18:08:26Z,Go,47,,1174,1211
trpc,trpc,31991,2020-07-18T01:17:11Z,2024-03-06T19:26:31Z,TypeScript,3038,,911,990
compose,docker,31969,2013-12-09T11:40:58Z,2024-03-06T17:45:26Z,Go,2981,,7158,7347
vaultwarden,dani-garcia,31807,2018-02-17T22:40:20Z,2024-03-06T19:39:50Z,Rust,731,,1867,1877
pandoc,jgm,31782,2010-03-20T20:34:23Z,2024-03-06T19:11:02Z,Haskell,1527,,6301,7315
photoprism,photoprism,31782,2018-01-27T12:00:15Z,2024-03-06T18:22:50Z,Go,574,,1623,2037
HanLP,hankcs,31738,2014-10-09T06:36:16Z,2024-03-06T16:00:03Z,Python,77,,1388,1397
spring-boot-demo,xkcoding,31705,2017-11-10T06:27:29Z,2024-03-06T16:48:39Z,Java,15,,71,161
DeepSpeed,microsoft,31697,2020-01-23T18:35:18Z,2024-03-06T19:48:05Z,Python,2068,,1545,2401
tldraw,tldraw,31638,2021-05-09T11:48:37Z,2024-03-06T19:50:19Z,TypeScript,1441,,409,735
marked,markedjs,31566,2011-07-24T13:15:51Z,2024-03-06T18:15:59Z,JavaScript,1272,,1417,1438
LeetCode-Go,halfrost,31525,2017-07-18T00:06:14Z,2024-03-06T16:19:17Z,Go,173,,60,74
TrafficMonitor,zhongyang219,31516,2017-07-30T02:51:17Z,2024-03-06T17:57:44Z,C++,43,,623,1595
android-open-project,Trinea,31467,2014-01-05T15:20:15Z,2024-03-06T15:26:51Z,,204,,71,82
REKCARC-TSC-UHT,PKUanonym,31415,2019-04-05T03:31:23Z,2024-03-06T17:44:22Z,HTML,144,,27,29
Files,files-community,31375,2019-01-04T18:19:14Z,2024-03-06T19:54:24Z,C#,4656,,8828,9230
Awesome-Design-Tools,goabstract,31326,2019-02-12T13:55:30Z,2024-03-06T19:56:00Z,JavaScript,283,,25,34
cli,httpie,31321,2012-02-25T12:39:13Z,2024-03-06T18:51:58Z,Python,398,,690,851
lapce,lapce,31272,2018-02-06T08:41:06Z,2024-03-06T19:48:36Z,Rust,961,,1029,1714
husky,typicode,31235,2014-06-23T12:14:21Z,2024-03-06T19:05:40Z,JavaScript,246,,949,966
bevy,bevyengine,31225,2020-01-18T21:13:55Z,2024-03-06T19:50:36Z,Rust,2340,,2847,4321
gitness,harness,31217,2014-02-07T07:54:44Z,2024-03-06T13:49:46Z,Go,1012,,1778,1907
awesome-awesomeness,bayandin,31103,2014-07-08T05:44:19Z,2024-03-06T18:07:51Z,Ruby,197,,52,66
framework,laravel,31089,2013-01-10T21:27:28Z,2024-03-06T18:49:15Z,PHP,14652,,17680,17689
fd,sharkdp,30993,2017-05-09T21:27:10Z,2024-03-06T18:53:00Z,Rust,533,,724,817
jQuery-File-Upload,blueimp,30991,2010-12-01T15:35:32Z,2024-03-06T18:22:10Z,PHP,119,,3259,3308
appsmith,appsmithorg,30976,2020-06-30T04:07:36Z,2024-03-06T18:06:14Z,TypeScript,10738,,14715,18210
bark,suno-ai,30849,2023-04-07T19:34:48Z,2024-03-06T18:49:21Z,Jupyter Notebook,19,,224,390
htmx,bigskysoftware,30804,2020-04-13T16:17:51Z,2024-03-06T19:39:09Z,JavaScript,662,,715,1119
halo,halo-dev,30781,2018-03-21T12:56:52Z,2024-03-06T14:19:35Z,Java,1739,,2923,3256
JavaScript,TheAlgorithms,30764,2017-07-13T06:12:33Z,2024-03-06T18:01:40Z,JavaScript,766,,188,190
graphql-engine,hasura,30723,2018-06-18T07:57:36Z,2024-03-06T11:58:12Z,TypeScript,2109,,3845,5896
beego,beego,30709,2012-02-29T02:32:08Z,2024-03-06T18:06:00Z,Go,1254,,3304,3311
ccxt,ccxt,30704,2017-05-14T15:41:56Z,2024-03-06T19:17:11Z,Python,10126,,8807,9600
fiber,gofiber,30684,2020-01-16T03:59:20Z,2024-03-06T16:07:00Z,Go,1358,,1238,1308
certbot,certbot,30674,2014-11-12T02:52:20Z,2024-03-06T06:00:59Z,Python,3732,,5040,5262
run,The-Run-Philosophy-Organization,30653,2022-04-10T05:42:40Z,2024-03-06T14:31:24Z,,172,,212,248
solid,solidjs,30632,2018-04-24T16:36:27Z,2024-03-06T19:34:37Z,TypeScript,333,,846,909
streamlit,streamlit,30566,2019-08-24T00:14:52Z,2024-03-06T18:54:23Z,Python,3512,,3226,3958
easyexcel,alibaba,30545,2018-02-06T03:14:08Z,2024-03-06T18:10:42Z,Java,165,,2824,3261
awesome-shell,alebcay,30524,2014-07-07T01:57:42Z,2024-03-06T19:56:03Z,,307,,21,56
slidev,slidevjs,30359,2021-04-24T01:25:23Z,2024-03-06T18:40:28Z,TypeScript,368,,799,828
Blog,mqyqingfeng,30298,2017-03-13T10:04:33Z,2024-03-06T16:17:53Z,,3,,98,314
NeteaseCloudMusicApi,Binaryify,30253,2016-06-22T11:58:03Z,2024-03-06T08:09:28Z,,292,,1190,1337
ray,ray-project,30219,2016-10-25T19:38:30Z,2024-03-06T19:48:04Z,Python,21245,,13801,16889
fastify,fastify,30184,2016-09-28T19:10:14Z,2024-03-06T19:43:14Z,JavaScript,2609,,1817,1881
chinese-independent-developer,1c7,30111,2017-09-21T11:08:23Z,2024-03-06T18:55:41Z,,184,,93,96
sqlmap,sqlmapproject,30098,2012-06-26T09:52:15Z,2024-03-06T18:39:10Z,Python,161,,5070,5119
awesome-php,ziadoz,30084,2013-11-26T03:14:19Z,2024-03-06T19:56:11Z,,419,,130,131
Coursera-ML-AndrewNg-Notes,fengdu78,30036,2017-11-04T10:04:08Z,2024-03-06T18:01:35Z,HTML,13,,16,68
rxjs,ReactiveX,30008,2015-03-15T06:17:10Z,2024-03-06T14:36:56Z,TypeScript,2584,,2925,3138
p3c,alibaba,30006,2017-06-23T06:15:51Z,2024-03-06T10:27:54Z,Kotlin,62,,697,848
libpku,lib-pku,29974,2018-11-22T13:33:06Z,2024-03-06T17:44:31Z,TeX,22,,31,41
nanoGPT,karpathy,29961,2022-12-28T00:51:12Z,2024-03-06T19:48:08Z,Python,42,,89,268
vimrc,amix,29939,2012-05-29T16:19:29Z,2024-03-06T15:25:24Z,Vim Script,107,,507,508
HEAD,joshbuchea,29839,2016-04-20T20:05:37Z,2024-03-06T05:54:25Z,,86,,73,93
spring-boot-examples,ityouknow,29802,2016-11-05T05:32:33Z,2024-03-06T09:39:07Z,Java,7,,99,106
chatgpt-web,Chanzhaoyu,29774,2023-02-09T03:21:37Z,2024-03-06T19:01:34Z,Vue,154,,1686,1698
vue-cli,vuejs,29752,2015-12-26T23:11:20Z,2024-03-06T16:07:52Z,JavaScript,1258,,4551,5479
dotfiles,mathiasbynens,29680,2011-09-05T18:07:54Z,2024-03-06T19:20:10Z,Shell,44,,247,386
swc,swc-project,29656,2017-12-22T11:40:14Z,2024-03-06T15:29:37Z,Rust,4409,,2909,3211
yew,yewstack,29637,2017-12-16T14:19:02Z,2024-03-06T17:14:48Z,MDX,1673,,1107,1217
foundation-sites,foundation,29600,2011-10-13T23:05:42Z,2024-03-06T16:07:43Z,HTML,2950,,8143,8211
localsend,localsend,29574,2022-12-16T00:46:07Z,2024-03-06T19:56:29Z,Dart,343,,331,632
html2canvas,niklasvh,29566,2011-07-16T01:05:58Z,2024-03-06T15:17:46Z,TypeScript,186,,1649,2547
daisyui,saadeghi,29540,2020-11-28T22:57:27Z,2024-03-06T19:46:12Z,Svelte,253,,1410,1469
lottie-web,airbnb,29505,2015-02-20T21:02:59Z,2024-03-06T16:06:50Z,JavaScript,128,,2113,2817
openpose,CMU-Perceptual-Computing-Lab,29452,2017-04-24T14:06:31Z,2024-03-06T17:12:37Z,C++,173,,1656,1942
modern-unix,ibraheemdev,29416,2021-01-12T00:50:14Z,2024-03-06T19:54:40Z,,10,,15,78
termux-app,termux,29416,2015-10-23T09:42:46Z,2024-03-06T19:12:43Z,Java,141,,2217,2523
vault,hashicorp,29386,2015-02-25T00:15:59Z,2024-03-06T16:57:40Z,Go,16881,,4908,5901
phantomjs,ariya,29382,2010-12-27T08:18:58Z,2024-03-06T17:19:00Z,C++,562,,4731,4745
learnGitBranching,pcottle,29377,2012-08-13T22:36:09Z,2024-03-06T16:29:29Z,JavaScript,552,,437,462
react-boilerplate,react-boilerplate,29338,2015-02-18T14:36:32Z,2024-03-06T08:44:33Z,JavaScript,715,,1822,1900
30-Days-Of-Python,Asabeneh,29325,2019-11-19T17:24:16Z,2024-03-06T17:46:16Z,Python,42,,67,97
nushell,nushell,29312,2019-05-10T16:59:42Z,2024-03-06T16:41:29Z,Rust,5845,,3763,4980
zod,colinhacks,29275,2020-03-07T20:59:08Z,2024-03-06T19:32:54Z,TypeScript,390,,1413,1712
Summer2024-Internships,SimplifyJobs,29270,2020-05-23T20:53:18Z,2024-03-06T19:36:29Z,,1667,,1773,1776
Python,geekcomputers,29267,2011-11-30T09:04:08Z,2024-03-06T19:48:04Z,Python,1375,,126,375
AI-For-Beginners,microsoft,29237,2021-03-03T16:27:36Z,2024-03-06T19:55:54Z,Jupyter Notebook,101,,70,97
linux-insides,0xAX,29237,2015-01-03T18:44:57Z,2024-03-06T09:05:43Z,Python,572,,151,179
zig,ziglang,29222,2015-08-06T00:51:28Z,2024-03-06T19:40:59Z,Zig,7153,,7450,10122
v2rayNG,2dust,29220,2019-05-15T02:15:31Z,2024-03-06T16:14:20Z,Kotlin,181,,2247,2392
es6features,lukehoban,29199,2014-03-03T18:29:30Z,2024-03-06T16:53:05Z,,41,,36,57
COVID-19,CSSEGISandData,29191,2020-02-04T22:03:53Z,2024-03-05T19:45:08Z,,2152,,2079,3759
awesome-remote-job,lukasz-madon,27751,2015-01-02T00:31:34Z,2024-03-06T19:56:22Z,,549,,41,52
ComfyUI,comfyanonymous,27749,2023-01-17T03:15:56Z,2024-03-06T19:54:50Z,Python,327,,630,1836
mattermost,mattermost,27716,2015-06-15T06:50:02Z,2024-03-06T17:48:28Z,TypeScript,15436,,7386,8021
lighthouse,GoogleChrome,27686,2016-03-08T01:03:11Z,2024-03-06T09:45:03Z,JavaScript,5093,,8327,8918
consul,hashicorp,27624,2013-11-04T22:15:27Z,2024-03-06T19:23:39Z,Go,12762,,4216,5346
cal.com,calcom,27598,2021-03-22T13:47:42Z,2024-03-06T19:29:53Z,TypeScript,6236,,5009,5661
sharp,lovell,27598,2013-08-19T20:24:24Z,2024-03-06T18:41:50Z,JavaScript,273,,3507,3614
machine-learning-for-software-engineers,ZuzooVn,27596,2016-10-09T21:20:25Z,2024-03-06T03:16:12Z,,58,,9,24
SpringAll,wuyouzhuguli,27580,2018-05-02T02:48:44Z,2024-03-06T15:38:06Z,Java,1,,27,47
druid,alibaba,27563,2011-11-03T05:12:51Z,2024-03-06T14:49:35Z,Java,1214,,2038,4185
cheerio,cheeriojs,27537,2011-10-09T04:23:20Z,2024-03-06T17:17:21Z,TypeScript,2064,,1118,1147
canal,alibaba,27478,2013-01-13T10:59:52Z,2024-03-06T11:24:48Z,Java,437,,3381,4364
TTS,coqui-ai,27475,2020-05-20T15:45:28Z,2024-03-06T19:37:56Z,Python,467,,938,988
linux-command,jaywcjlove,27441,2016-11-12T15:44:26Z,2024-03-06T12:47:34Z,Markdown,305,,115,174
generative-ai-for-beginners,microsoft,27430,2023-06-19T16:28:59Z,2024-03-06T19:47:06Z,Jupyter Notebook,184,,54,64
remote-jobs,remoteintech,27393,2015-10-13T03:49:25Z,2024-03-06T14:50:45Z,JavaScript,1201,,149,169
influxdb,influxdata,27393,2013-09-26T14:31:10Z,2024-03-06T17:48:40Z,Rust,9696,,11268,13117
etcher,balena-io,27364,2015-10-27T16:53:23Z,2024-03-06T17:25:59Z,TypeScript,1705,,1765,2130
python-guide,realpython,27350,2011-03-15T03:24:20Z,2024-03-06T12:07:50Z,Batchfile,681,,175,273
django-rest-framework,encode,27226,2011-03-02T17:13:56Z,2024-03-06T16:31:47Z,Python,2910,,3780,3857
faiss,facebookresearch,27224,2017-02-07T16:07:05Z,2024-03-06T18:44:48Z,C++,135,,1886,2298
underscore,jashkenas,27218,2009-10-25T18:31:06Z,2024-03-06T06:42:24Z,JavaScript,743,,1389,1419
Daily-Interview-Question,Advanced-Frontend,27217,2019-01-19T10:49:00Z,2024-03-06T13:51:51Z,JavaScript,15,,297,557
go-zero,zeromicro,27186,2020-08-07T15:37:57Z,2024-03-06T17:52:21Z,Go,1855,,1126,1496
react-spring,pmndrs,27177,2018-03-07T15:39:32Z,2024-03-06T13:58:09Z,TypeScript,402,,1116,1208
pnpm,pnpm,27172,2016-01-28T07:40:43Z,2024-03-06T19:05:44Z,TypeScript,1989,,2508,3911
react-select,JedWatson,27117,2014-08-26T04:27:45Z,2024-03-06T17:46:06Z,TypeScript,1040,,3229,3537
fabric.js,fabricjs,27110,2010-06-09T22:24:38Z,2024-03-06T15:04:37Z,JavaScript,2101,,5549,5882
mobx,mobxjs,27079,2015-03-14T14:31:38Z,2024-03-06T18:38:53Z,TypeScript,1089,,1887,1925
v2ray-core,v2fly,27077,2019-04-15T10:05:54Z,2024-03-06T15:32:00Z,Go,739,,833,880
JCSprout,crossoverJie,27064,2017-12-17T09:06:50Z,2024-03-06T09:56:49Z,Java,69,,59,89
waifu2x,nagadomi,27060,2015-05-17T07:29:15Z,2024-03-06T19:44:26Z,Lua,68,,206,355
spring-cloud-alibaba,alibaba,27056,2017-12-01T20:49:15Z,2024-03-06T14:59:09Z,Java,950,,1930,2284
weui,Tencent,27038,2014-12-18T04:09:54Z,2024-03-06T16:00:28Z,Less,195,,614,663
legacy-homebrew,Homebrew,27031,2009-05-20T19:38:37Z,2024-03-05T15:36:19Z,,222,,17028,17028
rocksdb,facebook,27028,2012-11-30T06:16:18Z,2024-03-06T12:53:41Z,C++,601,,2486,3072
ShareX,ShareX,27003,2013-10-08T23:32:10Z,2024-03-06T14:53:23Z,C#,734,,5667,6172
ControlNet,lllyasviel,26966,2023-02-01T02:43:30Z,2024-03-06T18:33:00Z,Python,5,,125,497
GitHubDaily,GitHubDaily,26962,2018-12-30T13:56:58Z,2024-03-06T11:29:48Z,,3,,166,384
kafka,apache,26961,2011-08-15T18:06:16Z,2024-03-06T12:17:02Z,Java,7881,,0,0
yapi,YMFE,26941,2016-05-30T09:09:09Z,2024-03-06T13:22:34Z,JavaScript,141,,912,2420
weekly,ascoders,26902,2017-03-20T06:10:04Z,2024-03-06T19:56:32Z,JavaScript,134,,360,361
immich,immich-app,26874,2022-02-03T15:56:27Z,2024-03-06T19:26:54Z,TypeScript,2891,,1983,2299
remix,remix-run,26847,2020-10-26T19:57:28Z,2024-03-06T17:18:31Z,TypeScript,3007,,2013,2187
folly,facebook,26837,2012-06-01T20:49:04Z,2024-03-06T19:39:19Z,C++,5,,732,1090
tqdm,tqdm,27115,2015-06-03T13:13:14Z,2024-03-06T17:28:52Z,Python,279,,578,964
vhr,lenve,26799,2018-01-04T08:57:51Z,2024-03-06T14:38:30Z,Java,1,,95,251
Faker,fzaninotto,26784,2011-10-14T22:49:02Z,2024-03-06T15:04:07Z,PHP,823,,494,570
Awesome,Awesome-Windows,26710,2016-05-30T17:27:35Z,2024-03-06T19:56:34Z,,206,,82,140
typst,typst,26705,2019-09-24T21:41:56Z,2024-03-06T19:38:22Z,Rust,853,,1255,1820
immer,immerjs,26705,2017-12-29T12:25:47Z,2024-03-06T17:51:09Z,JavaScript,350,,604,638
ResumeSample,geekcompany,26700,2014-09-08T08:08:13Z,2024-03-06T17:22:25Z,,2,,0,0
hangzhou_house_knowledge,houshanren,26682,2018-02-24T01:54:18Z,2024-03-06T13:43:44Z,CSS,6,,48,146
handson-ml2,ageron,26619,2019-01-08T03:49:07Z,2024-03-06T18:29:36Z,Jupyter Notebook,64,,297,502
JavaScript30,wesbos,26503,2016-12-07T19:15:31Z,2024-03-06T19:27:32Z,HTML,151,,0,0
Clone-Wars,GorvGoyl,26485,2020-12-02T11:10:16Z,2024-03-06T18:39:04Z,,126,,67,76
gitflow,nvie,26467,2010-01-20T23:14:12Z,2024-03-06T06:01:02Z,Shell,36,,126,361
rethinkdb,rethinkdb,26464,2012-10-30T05:37:47Z,2024-03-06T03:23:42Z,C++,460,,5041,6381
pytorch-lightning,Lightning-AI,26379,2019-03-31T00:45:57Z,2024-03-06T19:48:05Z,Python,8514,,6140,6772
rufus,pbatard,26371,2011-11-19T19:12:05Z,2024-03-06T17:26:01Z,C,1,,2198,2207
the-super-tiny-compiler,jamiebuilds,26357,2016-03-11T04:19:18Z,2024-03-06T14:31:21Z,JavaScript,20,,0,0
YesPlayMusic,qier222,26352,2020-10-09T10:04:21Z,2024-03-06T17:03:33Z,Vue,272,,1139,1650
docsify,docsifyjs,26270,2016-11-20T07:55:43Z,2024-03-06T16:30:10Z,JavaScript,634,,1051,1235
Probabilistic-Programming-and-Bayesian-Methods-for-Hackers,CamDavidsonPilon,26255,2013-01-14T15:46:28Z,2024-03-06T19:47:54Z,Jupyter Notebook,243,,90,244
data-science-ipython-notebooks,donnemartin,26227,2015-01-23T19:38:29Z,2024-03-06T19:38:21Z,Python,31,,22,39
xxl-job,xuxueli,26191,2015-11-28T12:59:34Z,2024-03-06T13:31:31Z,Java,98,,1764,2927
os-tutorial,cfenollosa,26177,2014-09-29T08:39:34Z,2024-03-06T15:58:19Z,C,11,,101,171
editor.js,codex-team,26173,2015-11-28T20:56:35Z,2024-03-06T19:23:21Z,TypeScript,781,,855,1384
gitbook,GitbookIO,26161,2014-03-31T03:01:56Z,2024-03-06T17:17:42Z,JavaScript,214,,0,0
Detectron,facebookresearch,26102,2017-10-05T17:32:00Z,2024-03-06T15:24:17Z,Python,0,,619,925
ToolJet,ToolJet,26070,2021-03-30T08:51:34Z,2024-03-06T14:58:53Z,JavaScript,4155,,3112,3684
miaosha,qiurunze123,26015,2018-09-14T04:36:24Z,2024-03-06T16:57:21Z,Java,20,,78,78
Complete-Python-3-Bootcamp,Pierian-Data,26002,2018-02-12T19:30:10Z,2024-03-06T19:55:34Z,Jupyter Notebook,12,,211,332
kit,go-kit,25990,2015-02-03T00:01:19Z,2024-03-06T09:38:56Z,Go,478,,524,560
croc,schollz,25971,2017-10-17T15:20:18Z,2024-03-06T18:51:55Z,Go,169,,329,427
commander.js,tj,25909,2011-08-14T21:33:58Z,2024-03-06T16:13:26Z,JavaScript,706,,1040,1050
nodemon,remy,25908,2010-10-03T12:50:52Z,2024-03-06T16:07:42Z,JavaScript,303,,1621,1629
aseprite,aseprite,25908,2014-08-19T23:44:50Z,2024-03-06T13:52:24Z,C++,237,,2154,3638
xstate,statelyai,25887,2015-09-14T15:04:15Z,2024-03-06T13:39:28Z,TypeScript,1783,,1219,1275
penpot,penpot,25858,2015-12-29T22:09:07Z,2024-03-06T19:07:21Z,Clojure,2478,,951,1269
milvus,milvus-io,25819,2019-09-16T06:43:43Z,2024-03-06T19:25:03Z,Go,16623,,9631,10175
fetch,JakeChampion,25803,2014-10-13T00:26:19Z,2024-03-06T08:04:32Z,JavaScript,196,,646,649
Data-Science-For-Beginners,microsoft,25801,2021-03-03T16:30:15Z,2024-03-06T19:38:26Z,Jupyter Notebook,293,,95,113
nprogress,rstacruz,25800,2013-08-20T13:58:02Z,2024-03-06T15:25:25Z,JavaScript,34,,52,154
dokku,dokku,25784,2013-06-08T10:26:57Z,2024-03-06T19:08:48Z,Shell,3343,,2611,2631
helm,helm,25783,2015-10-06T01:07:32Z,2024-03-06T17:44:57Z,Go,3558,,7236,7544
react-virtualized,bvaughn,25783,2015-11-03T00:48:07Z,2024-03-06T10:03:44Z,JavaScript,453,,740,1186
backstage,backstage,25780,2020-01-24T22:39:49Z,2024-03-06T19:37:41Z,TypeScript,14385,,4821,5280
applied-ml,eugeneyan,25726,2020-07-04T18:57:47Z,2024-03-06T15:45:21Z,,207,,22,24
OpenBBTerminal,OpenBB-finance,25722,2020-12-20T10:46:38Z,2024-03-06T15:46:14Z,Python,3493,,1757,2012
vagrant,hashicorp,25715,2010-01-21T08:34:27Z,2024-03-06T19:32:02Z,Ruby,2669,,8811,9455
request,request,25655,2011-01-23T01:25:14Z,2024-03-06T17:29:12Z,JavaScript,650,,2174,2272
Modernizr,Modernizr,25598,2009-09-25T20:13:23Z,2024-03-06T05:12:39Z,JavaScript,805,,1318,1487
netron,lutzroeder,25593,2010-12-26T12:53:43Z,2024-03-06T19:38:50Z,JavaScript,1,,1025,1051
fastjson,alibaba,25586,2011-11-03T06:58:52Z,2024-03-06T14:43:23Z,Java,418,,1681,3579
butterknife,JakeWharton,25581,2013-03-05T08:18:59Z,2024-03-06T09:18:20Z,Java,346,,1088,1187
memos,usememos,25576,2021-12-08T15:30:18Z,2024-03-06T17:03:33Z,Go,1261,,1373,1439
ink,vadimdemedes,25518,2017-06-12T06:12:28Z,2024-03-06T15:24:09Z,TypeScript,201,,286,332
Python-programming-exercises,zhiwehu,25476,2012-06-14T07:56:46Z,2024-03-06T11:09:57Z,,0,,12,75
cmder,cmderdev,25474,2013-07-09T07:44:22Z,2024-03-06T12:18:59Z,C++,420,,2208,2246
faiss,facebookresearch,27224,2017-02-07T16:07:05Z,2024-03-06T18:44:48Z,C++,135,,1886,2298
underscore,jashkenas,27218,2009-10-25T18:31:06Z,2024-03-06T06:42:24Z,JavaScript,743,,1389,1419
Daily-Interview-Question,Advanced-Frontend,27217,2019-01-19T10:49:00Z,2024-03-06T13:51:51Z,JavaScript,15,,297,557
mmdetection,open-mmlab,27208,2018-08-22T07:06:06Z,2024-03-06T16:25:51Z,Python,2358,,6641,7918
go-zero,zeromicro,27186,2020-08-07T15:37:57Z,2024-03-06T17:52:21Z,Go,1855,,1126,1496
react-spring,pmndrs,27177,2018-03-07T15:39:32Z,2024-03-06T13:58:09Z,TypeScript,402,,1116,1208
pnpm,pnpm,27172,2016-01-28T07:40:43Z,2024-03-06T19:05:44Z,TypeScript,1989,,2508,3911
react-select,JedWatson,27117,2014-08-26T04:27:45Z,2024-03-06T17:46:06Z,TypeScript,1040,,3229,3537
fabric.js,fabricjs,27110,2010-06-09T22:24:38Z,2024-03-06T15:04:37Z,JavaScript,2101,,5549,5882
mobx,mobxjs,27079,2015-03-14T14:31:38Z,2024-03-06T18:38:53Z,TypeScript,1089,,1887,1925
v2ray-core,v2fly,27077,2019-04-15T10:05:54Z,2024-03-06T15:32:00Z,Go,739,,833,880
JCSprout,crossoverJie,27064,2017-12-17T09:06:50Z,2024-03-06T09:56:49Z,Java,69,,59,89
waifu2x,nagadomi,27060,2015-05-17T07:29:15Z,2024-03-06T19:44:26Z,Lua,68,,206,355
spring-cloud-alibaba,alibaba,27056,2017-12-01T20:49:15Z,2024-03-06T14:59:09Z,Java,950,,1930,2284
weui,Tencent,27038,2014-12-18T04:09:54Z,2024-03-06T16:00:28Z,Less,195,,614,663
legacy-homebrew,Homebrew,27031,2009-05-20T19:38:37Z,2024-03-05T15:36:19Z,,222,,17028,17028
rocksdb,facebook,27028,2012-11-30T06:16:18Z,2024-03-06T12:53:41Z,C++,601,,2486,3072
css-protips,AllThingsSmitty,27026,2015-08-29T12:29:03Z,2024-03-06T19:56:26Z,,66,,58,59
ShareX,ShareX,27003,2013-10-08T23:32:10Z,2024-03-06T14:53:23Z,C#,734,,5667,6172
ControlNet,lllyasviel,26966,2023-02-01T02:43:30Z,2024-03-06T18:33:00Z,Python,5,,125,497
GitHubDaily,GitHubDaily,26962,2018-12-30T13:56:58Z,2024-03-06T11:29:48Z,,3,,166,384
kafka,apache,26961,2011-08-15T18:06:16Z,2024-03-06T12:17:02Z,Java,7881,,0,0
yapi,YMFE,26941,2016-05-30T09:09:09Z,2024-03-06T13:22:34Z,JavaScript,141,,912,2420
gradio,gradio-app,26930,2018-12-19T08:24:04Z,2024-03-06T19:45:25Z,Python,2994,,3360,3814
jax,google,26920,2018-10-25T21:25:02Z,2024-03-06T19:21:05Z,Python,8595,,3722,4976
weekly,ascoders,26902,2017-03-20T06:10:04Z,2024-03-06T19:56:32Z,JavaScript,134,,360,361
nginxconfig.io,digitalocean,26900,2018-01-05T14:21:14Z,2024-03-06T14:29:04Z,JavaScript,180,,180,230
immich,immich-app,26874,2022-02-03T15:56:27Z,2024-03-06T19:26:54Z,TypeScript,2891,,1983,2299
remix,remix-run,26847,2020-10-26T19:57:28Z,2024-03-06T17:18:31Z,TypeScript,3007,,2013,2187
folly,facebook,26837,2012-06-01T20:49:04Z,2024-03-06T19:39:19Z,C++,5,,732,1090
tqdm,tqdm,27115,2015-06-03T13:13:14Z,2024-03-06T17:28:52Z,Python,279,,578,964
vhr,lenve,26799,2018-01-04T08:57:51Z,2024-03-06T14:38:30Z,Java,1,,95,251
Faker,fzaninotto,26784,2011-10-14T22:49:02Z,2024-03-06T15:04:07Z,PHP,823,,494,570
Awesome,Awesome-Windows,26710,2016-05-30T17:27:35Z,2024-03-06T19:56:34Z,,206,,82,140
typst,typst,26705,2019-09-24T21:41:56Z,2024-03-06T19:38:22Z,Rust,853,,1255,1820
immer,immerjs,26705,2017-12-29T12:25:47Z,2024-03-06T17:51:09Z,JavaScript,350,,604,638
ResumeSample,geekcompany,26700,2014-09-08T08:08:13Z,2024-03-06T17:22:25Z,,2,,0,0
hangzhou_house_knowledge,houshanren,26682,2018-02-24T01:54:18Z,2024-03-06T13:43:44Z,CSS,6,,48,146
handson-ml2,ageron,26619,2019-01-08T03:49:07Z,2024-03-06T18:29:36Z,Jupyter Notebook,64,,297,502
angular-cli,angular,26574,2015-06-04T19:49:37Z,2024-03-06T19:26:13Z,TypeScript,9587,,14768,15021
reverse-interview,viraptor,26555,2019-09-08T13:38:40Z,2024-03-06T18:47:28Z,,71,,17,25
JavaScript30,wesbos,26503,2016-12-07T19:15:31Z,2024-03-06T19:27:32Z,HTML,151,,0,0
Clone-Wars,GorvGoyl,26485,2020-12-02T11:10:16Z,2024-03-06T18:39:04Z,,126,,67,76
mongoose,Automattic,26484,2010-04-06T21:39:05Z,2024-03-06T18:43:40Z,JavaScript,2843,,10354,10605
codemirror5,codemirror,26483,2011-01-14T13:44:03Z,2024-03-06T18:26:37Z,JavaScript,589,,3773,4177
gitflow,nvie,26467,2010-01-20T23:14:12Z,2024-03-06T06:01:02Z,Shell,36,,126,361
rethinkdb,rethinkdb,26464,2012-10-30T05:37:47Z,2024-03-06T03:23:42Z,C++,460,,5041,6381
alpine,alpinejs,26415,2019-11-28T13:51:55Z,2024-03-06T17:04:12Z,HTML,605,,597,597
pytorch-lightning,Lightning-AI,26379,2019-03-31T00:45:57Z,2024-03-06T19:48:05Z,Python,8514,,6140,6772
rufus,pbatard,26371,2011-11-19T19:12:05Z,2024-03-06T17:26:01Z,C,1,,2198,2207
the-super-tiny-compiler,jamiebuilds,26357,2016-03-11T04:19:18Z,2024-03-06T14:31:21Z,JavaScript,20,,0,0
YesPlayMusic,qier222,26352,2020-10-09T10:04:21Z,2024-03-06T17:03:33Z,Vue,272,,1139,1650
ace,ajaxorg,26291,2010-10-27T10:43:36Z,2024-03-06T15:16:51Z,JavaScript,1738,,2927,3039
docsify,docsifyjs,26270,2016-11-20T07:55:43Z,2024-03-06T16:30:10Z,JavaScript,634,,1051,1235
Probabilistic-Programming-and-Bayesian-Methods-for-Hackers,CamDavidsonPilon,26255,2013-01-14T15:46:28Z,2024-03-06T19:47:54Z,Jupyter Notebook,243,,90,244
data-science-ipython-notebooks,donnemartin,26227,2015-01-23T19:38:29Z,2024-03-06T19:38:21Z,Python,31,,22,39
xxl-job,xuxueli,26191,2015-11-28T12:59:34Z,2024-03-06T13:31:31Z,Java,98,,1764,2927
os-tutorial,cfenollosa,26177,2014-09-29T08:39:34Z,2024-03-06T15:58:19Z,C,11,,101,171
editor.js,codex-team,26173,2015-11-28T20:56:35Z,2024-03-06T19:23:21Z,TypeScript,781,,855,1384
gitbook,GitbookIO,26161,2014-03-31T03:01:56Z,2024-03-06T17:17:42Z,JavaScript,214,,0,0
Detectron,facebookresearch,26102,2017-10-05T17:32:00Z,2024-03-06T15:24:17Z,Python,0,,619,925
CheatSheetSeries,OWASP,26081,2018-12-21T14:26:43Z,2024-03-06T19:11:47Z,Python,822,,371,411
ToolJet,ToolJet,26070,2021-03-30T08:51:34Z,2024-03-06T14:58:53Z,JavaScript,4155,,3112,3684
python-fire,google,26051,2017-02-21T21:35:07Z,2024-03-06T18:48:09Z,Python,76,,184,306
k3s,k3s-io,26031,2018-05-31T01:37:46Z,2024-03-06T19:28:37Z,Go,3104,,5164,5322
miaosha,qiurunze123,26015,2018-09-14T04:36:24Z,2024-03-06T16:57:21Z,Java,20,,78,78
Complete-Python-3-Bootcamp,Pierian-Data,26002,2018-02-12T19:30:10Z,2024-03-06T19:55:34Z,Jupyter Notebook,12,,211,332
kit,go-kit,25990,2015-02-03T00:01:19Z,2024-03-06T09:38:56Z,Go,478,,524,560
croc,schollz,25971,2017-10-17T15:20:18Z,2024-03-06T18:51:55Z,Go,169,,329,427
numpy,numpy,25911,2010-09-13T23:02:39Z,2024-03-06T19:32:16Z,Python,11098,,10328,12225
commander.js,tj,25909,2011-08-14T21:33:58Z,2024-03-06T16:13:26Z,JavaScript,706,,1040,1050
nodemon,remy,25908,2010-10-03T12:50:52Z,2024-03-06T16:07:42Z,JavaScript,303,,1621,1629
aseprite,aseprite,25908,2014-08-19T23:44:50Z,2024-03-06T13:52:24Z,C++,237,,2154,3638
xstate,statelyai,25887,2015-09-14T15:04:15Z,2024-03-06T13:39:28Z,TypeScript,1783,,1219,1275
penpot,penpot,25858,2015-12-29T22:09:07Z,2024-03-06T19:07:21Z,Clojure,2478,,951,1269
milvus,milvus-io,25819,2019-09-16T06:43:43Z,2024-03-06T19:25:03Z,Go,16623,,9631,10175
fetch,JakeChampion,25803,2014-10-13T00:26:19Z,2024-03-06T08:04:32Z,JavaScript,196,,646,649
Data-Science-For-Beginners,microsoft,25801,2021-03-03T16:30:15Z,2024-03-06T19:38:26Z,Jupyter Notebook,293,,95,113
nprogress,rstacruz,25800,2013-08-20T13:58:02Z,2024-03-06T15:25:25Z,JavaScript,34,,52,154
dokku,dokku,25784,2013-06-08T10:26:57Z,2024-03-06T19:08:48Z,Shell,3343,,2611,2631
helm,helm,25783,2015-10-06T01:07:32Z,2024-03-06T17:44:57Z,Go,3558,,7236,7544
react-virtualized,bvaughn,25783,2015-11-03T00:48:07Z,2024-03-06T10:03:44Z,JavaScript,453,,740,1186
backstage,backstage,25780,2020-01-24T22:39:49Z,2024-03-06T19:37:41Z,TypeScript,14385,,4821,5280
select2,select2,25764,2012-03-04T18:43:12Z,2024-03-06T05:52:59Z,JavaScript,708,,4697,4788
applied-ml,eugeneyan,25726,2020-07-04T18:57:47Z,2024-03-06T15:45:21Z,,207,,22,24
OpenBBTerminal,OpenBB-finance,25722,2020-12-20T10:46:38Z,2024-03-06T15:46:14Z,Python,3493,,1757,2012
vagrant,hashicorp,25715,2010-01-21T08:34:27Z,2024-03-06T19:32:02Z,Ruby,2669,,8811,9455
maybe,maybe-finance,25664,2024-01-01T22:23:46Z,2024-03-06T18:53:21Z,Ruby,210,,155,156
request,request,25655,2011-01-23T01:25:14Z,2024-03-06T17:29:12Z,JavaScript,650,,2174,2272
servo,servo,25622,2012-02-08T19:07:25Z,2024-03-06T19:08:37Z,,15750,,8953,12175
Modernizr,Modernizr,25598,2009-09-25T20:13:23Z,2024-03-06T05:12:39Z,JavaScript,805,,1318,1487
the_silver_searcher,ggreer,25594,2011-11-19T19:50:47Z,2024-03-06T16:38:14Z,C,399,,410,837
netron,lutzroeder,25593,2010-12-26T12:53:43Z,2024-03-06T19:38:50Z,JavaScript,1,,1025,1051
fastjson,alibaba,25586,2011-11-03T06:58:52Z,2024-03-06T14:43:23Z,Java,418,,1681,3579
butterknife,JakeWharton,25581,2013-03-05T08:18:59Z,2024-03-06T09:18:20Z,Java,346,,1088,1187
memos,usememos,25576,2021-12-08T15:30:18Z,2024-03-06T17:03:33Z,Go,1261,,1373,1439
ink,vadimdemedes,25518,2017-06-12T06:12:28Z,2024-03-06T15:24:09Z,TypeScript,201,,286,332
Python-programming-exercises,zhiwehu,25476,2012-06-14T07:56:46Z,2024-03-06T11:09:57Z,,0,,12,75
cmder,cmderdev,25474,2013-07-09T07:44:22Z,2024-03-06T12:18:59Z,C++,420,,2208,2246
react-three-fiber,pmndrs,25471,2019-02-25T14:31:51Z,2024-03-06T15:58:16Z,TypeScript,563,,909,946
hacker-laws,dwmkerr,25468,2018-01-25T03:46:34Z,2024-03-06T15:56:19Z,Shell,174,,70,203
fastText,facebookresearch,25468,2016-07-16T13:38:42Z,2024-03-06T15:23:33Z,HTML,12,,611,1078
MonitorControl,MonitorControl,25463,2017-09-16T21:13:40Z,2024-03-06T18:40:01Z,Swift,202,,832,857
RevokeMsgPatcher,huiyadanli,25445,2019-07-21T15:12:52Z,2024-03-06T15:53:57Z,C#,8,,543,587
aos,michalsnik,25410,2015-07-09T17:49:00Z,2024-03-06T19:30:39Z,JavaScript,38,,358,682
mpv,mpv-player,25389,2012-10-13T08:08:44Z,2024-03-06T18:25:07Z,C,2256,,8634,9512
viper,spf13,25386,2014-04-02T14:33:33Z,2024-03-06T17:29:10Z,Go,390,,453,841
xgboost,dmlc,25376,2014-02-06T17:28:03Z,2024-03-06T18:59:38Z,C++,4040,,4727,5086
Real-ESRGAN,xinntao,25345,2021-07-19T03:23:30Z,2024-03-06T17:15:39Z,Python,20,,162,596
GPTs,linexjlin,25315,2023-11-11T03:24:16Z,2024-03-06T19:36:27Z,,37,,16,22
90DaysOfDevOps,MichaelCade,25311,2021-12-26T13:55:18Z,2024-03-06T16:07:00Z,Shell,339,,75,82
fastai,fastai,25303,2017-09-09T17:43:36Z,2024-03-06T15:08:08Z,Jupyter Notebook,1675,,1586,1776
swagger-ui,swagger-api,25277,2011-07-15T22:56:39Z,2024-03-06T15:06:39Z,JavaScript,2920,,4300,5336
Mr.-Ranedeer-AI-Tutor,JushBJJ,25253,2023-03-31T12:37:26Z,2024-03-06T18:42:21Z,,19,,33,43
fonts,powerline,25232,2012-12-19T13:31:50Z,2024-03-06T10:01:36Z,Shell,72,,95,247
llm-course,mlabonne,25198,2023-06-17T22:16:25Z,2024-03-06T19:48:11Z,Jupyter Notebook,1,,17,37
YouCompleteMe,ycm-core,25197,2012-04-16T03:12:14Z,2024-03-06T14:53:43Z,Python,777,,3204,3217
mongo,mongodb,25193,2009-01-15T16:15:18Z,2024-03-06T17:30:43Z,C++,125,,0,0
plyr,sampotts,25190,2015-02-14T11:33:07Z,2024-03-06T17:25:12Z,JavaScript,382,,1211,2056
server,nextcloud,25168,2016-06-02T07:44:14Z,2024-03-06T19:38:36Z,PHP,21457,,15505,17757
coder2gwy,coder2gwy,25159,2020-12-30T14:40:50Z,2024-03-06T12:21:34Z,,2,,28,148
awesome-electron,sindresorhus,25143,2015-04-23T11:48:53Z,2024-03-06T19:56:39Z,,266,,42,43
darknet,pjreddie,25125,2014-04-11T07:59:16Z,2024-03-06T11:24:49Z,C,10,,554,2353
dnSpy,dnSpy,25122,2015-07-01T16:05:10Z,2024-03-06T18:58:29Z,C#,53,,0,0
toBeTopJavaer,hollischuang,25107,2018-10-25T09:54:54Z,2024-03-06T16:51:23Z,Java,52,,71,127
handson-ml,ageron,25101,2016-02-16T19:48:39Z,2024-03-06T18:58:10Z,Jupyter Notebook,56,,434,560
Depix,spipm,25081,2020-12-06T12:39:08Z,2024-03-06T17:03:33Z,Python,14,,0,0
chatbot-ui,mckaywrigley,25065,2023-03-11T14:53:14Z,2024-03-06T18:51:39Z,TypeScript,252,,769,812
modern-js-cheatsheet,mbeaudru,25028,2017-09-18T14:56:00Z,2024-03-06T13:34:56Z,,83,,42,51
quasar,quasarframework,25016,2015-10-05T15:45:36Z,2024-03-06T18:09:57Z,JavaScript,3550,,7141,7593
awesome-deep-learning-papers,terryum,25006,2016-06-03T06:48:30Z,2024-03-06T11:23:40Z,TeX,39,,11,26
mediapipe,google,24974,2019-06-13T19:16:41Z,2024-03-06T19:18:59Z,C++,157,,4479,4735
proxyee-down,proxyee-down-org,24971,2017-10-25T10:07:27Z,2024-03-06T15:37:06Z,Java,16,,0,0
directus,directus,24950,2012-12-12T01:35:36Z,2024-03-06T15:30:10Z,TypeScript,6702,,7300,7738
ngx-admin,akveo,24944,2016-05-25T10:09:03Z,2024-03-06T15:43:13Z,TypeScript,343,,1328,1741
emscripten,emscripten-core,24941,2011-02-12T05:23:30Z,2024-03-06T18:03:46Z,C++,10315,,7246,8870
hosts,StevenBlack,24918,2012-04-12T20:22:50Z,2024-03-06T19:26:31Z,Python,457,,1772,1843
ItChat,littlecodersh,24878,2016-01-19T07:49:48Z,2024-03-06T16:12:21Z,Python,29,,618,883
trilium,zadam,24861,2017-05-23T00:30:20Z,2024-03-06T18:52:40Z,JavaScript,248,,2391,3371
incubator-seata,apache,24820,2018-12-28T08:37:22Z,2024-03-06T17:18:01Z,Java,2047,,2893,3601
lottie-ios,airbnb,24800,2016-10-06T22:38:38Z,2024-03-06T18:08:15Z,Swift,685,,1325,1339
nylas-mail,nylas,24789,2014-10-16T18:29:12Z,2024-03-06T07:30:08Z,JavaScript,139,,2442,3422
SDWebImage,SDWebImage,24767,2009-09-21T17:39:19Z,2024-03-06T12:34:02Z,Objective-C,915,,2216,2284
freqtrade,freqtrade,24764,2017-05-17T23:48:53Z,2024-03-06T18:50:12Z,Python,4836,,4333,4373
iris,kataras,24749,2016-01-30T04:36:48Z,2024-03-06T15:12:08Z,Go,389,,874,975
Web,qianguyihao,24719,2017-01-03T11:44:33Z,2024-03-06T14:44:07Z,,0,,149,192
Signal-Android,signalapp,24717,2011-12-15T20:01:12Z,2024-03-06T13:06:14Z,Java,238,,10292,10602
surrealdb,surrealdb,24697,2021-12-09T15:03:29Z,2024-03-06T19:21:38Z,Rust,874,,751,1205
polars,pola-rs,24695,2020-05-13T19:45:33Z,2024-03-06T19:00:02Z,Rust,7398,,5370,6733
comprehensive-rust,google,24693,2022-12-21T15:17:24Z,2024-03-06T19:53:24Z,Rust,1397,,138,236
redash,getredash,24679,2013-10-28T13:19:39Z,2024-03-06T12:06:30Z,Python,3064,,1886,2429
ruff,astral-sh,24656,2022-08-09T17:17:44Z,2024-03-06T18:56:14Z,Rust,5665,,3264,3947
llvm-project,llvm,24649,2016-12-07T09:39:33Z,2024-03-06T19:34:20Z,,11089,,48030,68744
stb,nothings,24647,2014-05-25T16:51:23Z,2024-03-06T19:20:31Z,C,280,,663,793
fe-interview,haizlin,24625,2019-04-17T03:05:58Z,2024-03-06T15:50:46Z,JavaScript,8,,25,5679
discord.js,discordjs,24616,2015-08-10T13:36:26Z,2024-03-06T13:41:35Z,TypeScript,4330,,3801,3879
SmartRefreshLayout,scwang90,24613,2017-06-02T09:52:50Z,2024-03-06T15:11:01Z,Java,12,,1209,1525
spleeter,deezer,24605,2019-09-26T15:40:46Z,2024-03-06T16:14:16Z,Python,49,,561,762
MiniGPT-4,Vision-CAIR,24594,2023-04-15T22:17:09Z,2024-03-06T18:44:16Z,Python,19,,119,428
eShopOnContainers,dotnet-architecture,24591,2016-10-05T22:35:23Z,2024-03-06T16:52:41Z,C#,538,,1208,1254
rollup,rollup,24574,2015-05-14T22:26:28Z,2024-03-06T18:05:59Z,JavaScript,1848,,2722,3224
EventBus,greenrobot,24555,2012-07-16T16:55:40Z,2024-03-06T09:35:46Z,Java,31,,480,580
glances,nicolargo,24545,2011-12-04T08:49:15Z,2024-03-06T14:45:30Z,Python,642,,1532,1758
CyberChef,gchq,24526,2016-11-28T10:34:07Z,2024-03-06T18:11:47Z,JavaScript,414,,551,876
pipenv,pypa,24486,2017-01-20T00:44:02Z,2024-03-06T15:25:49Z,Python,1493,,3926,4159
react-native-elements,react-native-elements,24467,2016-09-08T14:21:41Z,2024-03-06T17:06:16Z,MDX,1209,,2002,2091
taichi,taichi-dev,24462,2016-11-24T10:00:05Z,2024-03-06T17:56:42Z,C++,5130,,1859,2592
nsq,nsqio,24424,2012-05-12T14:37:08Z,2024-03-06T09:57:25Z,Go,672,,595,645
turbo,vercel,24405,2021-10-05T17:37:11Z,2024-03-06T18:54:50Z,Rust,4334,,1350,1490
Langchain-Chatchat,chatchat-space,24400,2023-03-31T12:12:45Z,2024-03-06T17:28:28Z,Python,406,,2417,2503
qBittorrent,qbittorrent,24398,2012-02-04T09:37:46Z,2024-03-06T19:42:19Z,C++,3306,,12579,15323
python-telegram-bot,python-telegram-bot,24390,2015-07-07T15:30:39Z,2024-03-06T15:57:41Z,Python,1312,,2060,2068
tuning_playbook,google-research,24367,2023-01-18T23:32:32Z,2024-03-06T13:26:04Z,,7,,11,33
feather,feathericons,24338,2014-05-28T19:49:55Z,2024-03-06T03:53:54Z,JavaScript,110,,244,627
faas,openfaas,24326,2016-12-22T12:51:39Z,2024-03-06T03:27:01Z,Go,678,,811,841
Tvlist-awesome-m3u-m3u8,imDazui,24299,2017-02-18T03:59:25Z,2024-03-06T19:56:42Z,,1,,47,63
awesome-cto,kuchin,24280,2016-12-16T19:22:18Z,2024-03-06T19:56:43Z,,12,,7,8
k9s,derailed,24227,2019-01-25T18:46:02Z,2024-03-06T18:46:09Z,Go,569,,1279,1676
devtools,vuejs,24220,2014-09-29T03:52:07Z,2024-03-06T17:25:41Z,TypeScript,283,,1127,1576
fish-shell,fish-shell,24209,2012-05-10T03:00:55Z,2024-03-06T19:44:44Z,Rust,1800,,6541,6973
roop,s0md3v,24173,2023-05-28T14:37:54Z,2024-03-06T17:33:06Z,Python,82,,0,0
go,datasciencemasters,24169,2013-08-14T08:33:55Z,2024-03-06T11:50:54Z,,48,,46,51
pkg,vercel,24149,2016-08-08T19:41:59Z,2024-03-06T18:43:02Z,JavaScript,176,,1426,1426
30-Days-Of-React,Asabeneh,24135,2020-09-29T13:38:54Z,2024-03-06T18:01:37Z,JavaScript,10,,17,69
awesome-swift,matteocrippa,24134,2014-07-10T14:04:09Z,2024-03-06T19:56:44Z,Ruby,1425,,132,133
apollo,ApolloAuto,24126,2017-07-04T19:03:31Z,2024-03-06T08:42:21Z,C++,9714,,3575,4277
RxSwift,ReactiveX,24091,2015-04-07T21:25:17Z,2024-03-06T06:31:42Z,Swift,780,,1204,1235
tokio,tokio-rs,24077,2016-09-09T22:31:36Z,2024-03-06T16:23:40Z,Rust,3123,,1869,2133
localForage,localForage,24060,2013-10-31T00:10:06Z,2024-03-06T15:28:38Z,JavaScript,268,,503,716
WeChatMsg,LC044,24044,2023-01-11T05:03:49Z,2024-03-06T18:25:55Z,Python,60,,249,303
tdesktop,telegramdesktop,24041,2014-05-02T12:36:31Z,2024-03-06T18:41:41Z,C++,1423,,12737,13520
components,angular,24018,2016-01-04T18:50:02Z,2024-03-06T12:22:08Z,TypeScript,11557,,12870,14737
iTerm2-Color-Schemes,mbadolato,24013,2011-04-01T04:01:46Z,2024-03-06T09:15:05Z,Shell,294,,82,103
awesome-vscode,viatsko,24007,2016-02-07T23:02:45Z,2024-03-06T19:56:50Z,JavaScript,243,,26,49
eslint,eslint,24000,2013-06-29T23:59:48Z,2024-03-06T13:47:38Z,JavaScript,5904,,9902,9985
BaseRecyclerViewAdapterHelper,CymChad,23979,2016-04-10T07:40:11Z,2024-03-06T12:54:52Z,Kotlin,191,,3180,3549
Rectangle,rxhanson,23976,2019-06-21T21:34:53Z,2024-03-06T19:39:57Z,Swift,221,,470,579
cascadia-code,microsoft,23975,2019-07-10T22:50:20Z,2024-03-06T18:00:04Z,Python,71,,473,590
iview,iview,23975,2016-07-28T01:52:59Z,2024-03-06T03:57:48Z,Vue,526,,4474,5588
Mask_RCNN,matterport,23967,2017-10-19T20:28:34Z,2024-03-06T16:59:32Z,Python,65,,848,2729
mdb-ui-kit,mdbootstrap,23962,2014-08-18T11:54:00Z,2024-03-06T15:18:20Z,SCSS,193,,1172,1183
DeepSpeech,mozilla,23961,2016-06-02T15:04:53Z,2024-03-06T19:37:11Z,C++,1338,,1985,2101
docker_practice,yeasy,23949,2014-09-05T04:06:39Z,2024-03-06T11:50:10Z,Go,260,,206,211
tools,rome,23940,2020-02-20T05:57:33Z,2024-03-05T18:12:02Z,Rust,2821,,1353,1439
angular-styleguide,johnpapa,23916,2014-07-29T00:07:51Z,2024-03-03T14:37:56Z,,331,,362,424
idiomatic.js,rwaldron,23893,2011-05-25T17:48:59Z,2024-03-06T16:41:45Z,,114,,48,82
autocomplete,withfig,23889,2020-09-29T02:21:06Z,2024-03-06T18:55:24Z,TypeScript,1430,,372,513
logrus,sirupsen,23869,2013-10-16T19:08:55Z,2024-03-06T19:08:47Z,Go,404,,679,683
hammer.js,hammerjs,23866,2012-03-02T12:58:28Z,2024-03-06T16:56:37Z,JavaScript,114,,763,1045
openssl,openssl,23847,2013-01-15T22:34:48Z,2024-03-06T17:40:32Z,C,128,,7473,9399
srs,ossrs,23836,2015-04-29T06:59:32Z,2024-03-06T12:59:06Z,C++,407,,1203,1386
Hystrix,Netflix,23817,2012-11-19T20:14:46Z,2024-03-06T18:28:09Z,Java,677,,682,1031
coc.nvim,neoclide,23801,2018-05-01T22:39:02Z,2024-03-06T19:28:57Z,TypeScript,756,,3259,3288
Wox,Wox-launcher,23795,2013-12-19T15:49:32Z,2024-03-06T19:20:12Z,Go,296,,3337,3494
openzeppelin-contracts,OpenZeppelin,23794,2016-08-01T20:54:54Z,2024-03-06T19:10:46Z,JavaScript,2064,,1649,1824
Vundle.vim,VundleVim,23774,2010-10-17T23:17:53Z,2024-03-06T05:17:31Z,Vim Script,89,,552,717
ngrok,inconshreveable,23767,2013-03-20T09:37:43Z,2024-03-06T19:53:11Z,Go,34,,617,850
HEU_KMS_Activator,zbezj,23751,2019-06-23T00:49:35Z,2024-03-06T18:05:02Z,,0,,18,128
headlessui,tailwindlabs,23731,2020-09-16T09:53:09Z,2024-03-06T19:33:36Z,TypeScript,458,,1085,1112
go-patterns,tmrts,23720,2015-12-14T22:05:06Z,2024-03-06T19:56:50Z,Go,10,,13,30
table,TanStack,23717,2016-10-20T17:25:08Z,2024-03-06T16:31:26Z,TypeScript,798,,2182,2346
setup-ipsec-vpn,hwdsl2,23715,2016-01-07T16:44:12Z,2024-03-06T15:28:22Z,Shell,43,,1392,1392
react-admin,marmelab,23715,2016-07-13T07:58:54Z,2024-03-06T18:50:19Z,TypeScript,4434,,4308,4395
firecracker,firecracker-microvm,23691,2017-10-19T06:18:47Z,2024-03-06T19:29:18Z,Rust,2501,,1284,1369
core-js,zloirock,23664,2013-07-17T16:32:27Z,2024-03-06T17:44:56Z,JavaScript,251,,894,926
vapor,vapor,23656,2016-01-18T22:37:52Z,2024-03-06T18:09:04Z,Swift,1178,,1548,1630
devise,heartcombo,23642,2009-09-16T12:15:12Z,2024-03-06T12:36:42Z,Ruby,774,,4049,4202
envoy,envoyproxy,23640,2016-08-08T15:07:24Z,2024-03-06T15:46:31Z,C++,17962,,9200,10727
mantine,mantinedev,23633,2021-01-07T14:02:19Z,2024-03-06T17:52:59Z,TypeScript,1143,,2239,2268
PhotoSwipe,dimsemenov,23633,2011-04-07T05:46:29Z,2024-03-06T18:02:40Z,JavaScript,83,,1200,1804
micro,zyedidia,23633,2016-03-11T02:06:28Z,2024-03-06T18:46:16Z,Go,621,,1360,2140
awesome-piracy,Igglybuff,23596,2018-10-09T22:09:56Z,2024-03-06T17:18:40Z,HTML,182,,309,310
awesome-actions,sdras,23580,2018-10-17T17:53:45Z,2024-03-06T19:56:52Z,,439,,26,40
flutter-go,alibaba,23548,2019-01-08T09:03:40Z,2024-03-06T06:24:07Z,Dart,158,,0,0
NativeScript,NativeScript,23545,2015-03-01T09:47:08Z,2024-03-06T18:02:09Z,TypeScript,3147,,5781,6631
gitlabhq,gitlabhq,23542,2011-10-02T16:25:27Z,2024-03-06T17:18:20Z,Ruby,2227,,0,0
UTM,utmapp,23539,2019-04-12T16:09:24Z,2024-03-06T19:44:01Z,Swift,214,,2028,2714
ramda,ramda,23499,2013-06-21T20:32:35Z,2024-03-06T10:18:08Z,JavaScript,1300,,1491,1623
docz,doczjs,23495,2018-03-17T04:24:10Z,2024-03-06T05:29:02Z,TypeScript,365,,1138,1246
paper-reading,mli,23487,2021-10-22T06:34:51Z,2024-03-06T19:45:25Z,,11,,0,0
Telegram,DrKLO,23456,2013-10-25T14:08:10Z,2024-03-06T16:45:00Z,Java,20,,0,0
spacemacs,syl20bnr,23419,2012-12-17T21:34:03Z,2024-03-06T16:21:24Z,Emacs Lisp,1793,,8256,8481
algorithms,keon,23418,2016-11-17T22:32:08Z,2024-03-06T17:41:19Z,Python,433,,100,158
outline,outline,23395,2016-05-22T21:31:47Z,2024-03-06T19:56:03Z,TypeScript,2049,,2449,2533
javascript-testing-best-practices,goldbergyoni,23389,2019-07-04T11:08:12Z,2024-03-06T17:17:33Z,JavaScript,146,,15,64
awesome-sysadmin,kahun,23368,2014-02-09T22:39:20Z,2024-03-06T09:14:39Z,,183,,28,98
wttr.in,chubin,23347,2015-12-26T21:03:43Z,2024-03-06T17:51:08Z,Python,271,,349,633
pure,pure-css,23343,2013-04-22T16:16:39Z,2024-03-06T09:39:57Z,JavaScript,374,,571,578
upscayl,upscayl,23326,2022-07-30T17:19:20Z,2024-03-06T17:38:37Z,TypeScript,47,,528,563
lux,iawia002,23314,2018-02-24T11:29:03Z,2024-03-06T16:01:26Z,Go,281,,520,987
locust,locustio,23290,2011-02-17T11:08:03Z,2024-03-06T19:11:37Z,Python,767,,1551,1564
jumpserver,jumpserver,23222,2014-07-04T03:54:59Z,2024-03-06T16:17:30Z,Python,5927,,5956,6005
vscodium,VSCodium,23212,2018-08-13T14:26:58Z,2024-03-06T17:07:34Z,Shell,415,,1045,1151
architecture-components-samples,android,23208,2017-05-09T21:09:14Z,2024-03-06T10:17:32Z,Kotlin,216,,538,690
Avalonia,AvaloniaUI,23188,2013-12-05T20:13:21Z,2024-03-06T18:31:03Z,C#,4473,,5097,6340
react-redux,reduxjs,23187,2015-07-11T17:32:01Z,2024-03-06T14:19:38Z,TypeScript,539,,1239,1261
homebridge,homebridge,23171,2014-12-01T16:37:39Z,2024-03-06T15:32:44Z,TypeScript,306,,3084,3102
so-vits-svc,svc-develop-team,23168,2023-03-10T09:31:09Z,2024-03-06T17:11:58Z,Python,153,,109,130
celery,celery,23144,2009-04-24T11:31:24Z,2024-03-06T18:30:08Z,Python,2265,,4376,4991
react-navigation,react-navigation,23139,2017-01-26T19:51:40Z,2024-03-06T08:26:07Z,TypeScript,1121,,8643,9325
tiptap,ueberdosis,23137,2018-08-20T19:58:58Z,2024-03-06T19:47:48Z,TypeScript,669,,2111,2516
wiki,requarks,23129,2016-08-16T19:35:26Z,2024-03-06T19:39:03Z,Vue,366,,2419,2479
exa,ogham,23111,2014-05-22T12:45:16Z,2024-03-06T19:49:03Z,Rust,229,,640,879
streisand,StreisandEffect,23100,2014-03-23T21:56:19Z,2024-03-06T18:01:38Z,Shell,527,,929,1140
copilot-docs,github,23089,2021-10-23T16:07:04Z,2024-03-06T14:19:47Z,,9,,0,0
textual,Textualize,23087,2021-04-08T15:24:47Z,2024-03-06T18:19:51Z,Python,1549,,1456,1604
mostly-adequate-guide,MostlyAdequate,23081,2015-05-06T01:44:15Z,2024-03-06T16:17:06Z,JavaScript,274,,203,277
restic,restic,23080,2014-04-27T14:07:58Z,2024-03-06T19:11:08Z,Go,1841,,2075,2499
dapr,dapr,23065,2019-06-19T00:49:06Z,2024-03-06T16:16:50Z,Go,3267,,3004,3370
Rocket,rwf2,23055,2016-03-18T02:50:18Z,2024-03-06T16:41:23Z,Rust,16,,1454,1506
skywalking,apache,23050,2015-11-07T03:30:36Z,2024-03-06T11:59:20Z,Java,4414,,5055,5115
vnpy,vnpy,22999,2015-03-02T03:36:58Z,2024-03-06T17:39:34Z,Python,1015,,2017,2026
plane,makeplane,22981,2022-11-19T12:55:01Z,2024-03-06T18:30:34Z,TypeScript,2952,,336,637
ML-From-Scratch,eriklindernoren,22979,2017-02-05T12:11:23Z,2024-03-06T19:47:12Z,Python,9,,37,69
filebrowser,filebrowser,22971,2015-09-11T21:21:58Z,2024-03-06T15:36:22Z,Go,455,,1972,2041
libuv,libuv,22970,2013-11-30T00:29:56Z,2024-03-06T19:51:20Z,C,947,,1543,1675
bubbletea,charmbracelet,22966,2020-01-10T21:04:03Z,2024-03-06T19:42:33Z,Go,389,,195,244
k6,grafana,22942,2016-03-21T15:30:24Z,2024-03-06T18:49:47Z,Go,1573,,1320,1699
guzzle,guzzle,22928,2011-02-28T02:44:05Z,2024-03-06T08:19:40Z,PHP,921,,1819,1840
flink,apache,22924,2014-06-07T07:00:10Z,2024-03-06T19:35:39Z,Java,8768,,0,0
CodeHub,CodeHubApp,22905,2013-07-23T22:19:57Z,2024-03-06T02:23:47Z,C#,13,,406,640
highlight.js,highlightjs,22869,2011-01-01T23:47:21Z,2024-03-06T12:36:52Z,JavaScript,1427,,1950,2045
modern-cpp-tutorial,changkun,22858,2016-08-19T14:39:15Z,2024-03-06T15:14:20Z,C++,107,,111,118
gson,google,22849,2015-03-19T18:21:20Z,2024-03-06T05:18:03Z,Java,637,,1334,1579
flameshot,flameshot-org,22829,2017-05-10T19:44:51Z,2024-03-06T19:55:31Z,C++,813,,1797,2340
pumpkin-book,datawhalechina,22820,2018-12-22T05:05:24Z,2024-03-06T15:22:43Z,,46,,54,70
chatgpt-on-wechat,zhayujie,22807,2022-08-07T08:33:41Z,2024-03-06T18:49:28Z,Python,156,,1064,1402
nanoid,ai,22792,2017-08-05T05:24:35Z,2024-03-06T17:59:28Z,JavaScript,179,,225,231
fyne,fyne-io,22791,2018-02-04T22:07:16Z,2024-03-06T19:20:18Z,Go,1571,,1964,2585
refine,refinedev,22784,2021-01-20T12:01:32Z,2024-03-06T19:52:41Z,TypeScript,3782,,1258,1279
sails,balderdashy,22771,2012-03-18T19:46:15Z,2024-03-06T09:36:19Z,JavaScript,546,,5869,6372
awesome-falsehood,kdeldycke,22762,2016-09-08T09:13:47Z,2024-03-06T19:57:05Z,,99,,26,28
awesome-datascience,academic,22750,2014-07-05T07:07:43Z,2024-03-06T16:29:03Z,,343,,49,49
howler.js,goldfire,22746,2013-01-28T16:47:12Z,2024-03-06T10:20:19Z,JavaScript,128,,1048,1380
JARVIS,microsoft,22745,2023-03-30T02:57:12Z,2024-03-06T17:37:41Z,Python,23,,101,174
refined-github,refined-github,22743,2016-02-15T16:45:02Z,2024-03-06T19:16:57Z,TypeScript,2882,,3689,3825
element-plus,element-plus,22691,2020-07-21T06:51:19Z,2024-03-06T18:16:22Z,TypeScript,5068,,4980,6218
flv.js,bilibili,22663,2016-05-12T08:34:31Z,2024-03-06T19:31:35Z,JavaScript,20,,309,729
hub,mislav,22659,2009-12-05T22:15:25Z,2024-03-06T18:36:04Z,Go,402,,1779,2021
elixir,elixir-lang,22647,2011-01-09T08:43:57Z,2024-03-06T19:32:29Z,Elixir,6768,,5242,5257
